컬럼1,컬럼2,컬럼3,컬럼4,컬럼5
0.13679313464832965,0.6657994099756614,0.6925870022556889,0.6769654846253521,0.552136787846022
0.41564156664783025,0.07198193705642875,0.42280347244881844,0.7906273393830772,0.8048854979915286
0.4489117225927901,0.5371693216040289,0.20353552248180484,0.1557516228655298,0.8804219028736048
0.44416878087280454,0.9935973657117101,0.48856305116537935,0.5504094431784858,0.6944249495236485
0.9758805437588852,0.8278031832982524,0.9985251129895927,0.5883249944624463,0.20454395754493504
0.16768047652990914,0.08857765992995514,0.202322858123008,0.10265298201181039,0.5209839482021256
0.33156469906719377,0.8550302016199351,0.20707580921085522,0.07115828517343281,0.0690075926128163
0.408286119837624,0.8409485198048214,0.14499576556446048,0.5546214091286116,0.6785052268267442
0.1831975952195387,0.6257463461947401,0.9702434519041969,0.5228906137659658,0.18739644634006924
0.4470555438064254,0.4603582712019263,0.86456360952267,0.5466482201877885,0.38040054897040965
0.07878207100391432,0.27690168974093765,0.24889838519319196,0.2345441007480531,0.19275432188703956
0.5644857362881444,0.45259002553955074,0.4580355543297814,0.5896501279000154,0.5263535094101535
0.4308196881586439,0.5033100308809489,0.7578239940304546,0.39211339045751836,0.33061310936123356
0.349551788203346,0.4743973189397933,0.29126103946122683,0.6964412711073699,0.8445464192747074
0.8770386290433045,0.04681395723422754,0.3036984691289467,0.4433200064790801,0.17226481435578822
0.9617786886444568,0.8605221394916002,0.8503801163813403,0.821849930396189,0.3090236060561856
0.2304166621173499,0.001473822086311416,0.7293447940879964,0.9668454997992854,0.22429348328504506
0.6967764547083679,0.2300794021163678,0.7515488916625471,0.8680884296380853,0.8145509607698326
0.6581561566243995,0.6338794681883207,0.2108019029289856,0.14940644488669474,0.14568470138660672
0.5735859979388103,0.1462344065916623,0.7556192702124205,0.3729878878709927,0.9206499288276719
0.8419856183037161,0.15588491819672434,0.3299154289124441,0.5912076298552212,0.7368631916524695
0.7733040401143754,0.474372639974619,0.35114369055681205,0.3610996406264668,0.8522142067229794
0.6377456662457177,0.4770771715592135,0.9345655747071387,0.28930431710405324,0.72616641969916
0.7471991062647436,0.12072229026313974,0.7959661686003467,0.16128564146981517,0.5323286083866127
0.11387000260536484,0.5132883603864953,0.5210960689927537,0.9716504979316054,0.6549806940388881
0.3245079786357309,0.41008215877266696,0.46838935960266403,0.12361624181342767,0.017491658019392897
0.6967955139643413,0.5960301609498011,0.4603861756750406,0.36440986599540326,0.35300475097183626
0.13849558414730223,0.0022404730736960143,0.2602585403964749,0.08721040091895471,0.9863455230903472
0.44203866194890606,0.8181796497217406,0.9340071412951036,0.22946792057193477,0.5791949403527951
0.5795702031618322,0.9149081706762842,0.17649846702153094,0.616537971370767,0.04977061082221068
0.5190597909082704,0.0676125635922149,0.8003565078223616,0.23371208191043302,0.5400119146045106
0.0638260347097136,0.330357688699061,0.23114034200984768,0.8889916385563323,0.0549534538686266
0.35032187210622234,0.09174405087997728,0.3214886927901909,0.6282100771662478,0.8944780555868199
0.609877127308106,0.04084044294998834,0.7628288663942945,0.6418875771484792,0.9638888681104884
0.3060815097523324,0.46052203679707604,0.6364835371380434,0.8792823174295145,0.5558678676787286
0.24376949308272744,0.2970909687803208,0.5772022361259574,0.5446880934339766,0.4914137546228817
0.9087045241967932,0.730746916847495,0.2716668066830147,0.4968638557447399,0.027792789967078013
0.4303058948994627,0.20052472670033672,0.4915945467414369,0.06420893707513409,0.5819714019143988
0.7265707083277937,0.36109057899529273,0.5457774854056106,0.653917788273347,0.6203428613172159
0.18667398219574105,0.13860255190368975,0.2086689686387051,0.553647328866973,0.9190286513901081
0.6750506231463635,0.3264455251408327,0.5465561451762878,0.4444356097745388,0.12839531549766536
0.17436642900499144,0.690937738102466,0.3867353463005374,0.9367299887367345,0.13752094414599325
0.7927191118343301,0.4749597369923172,0.33946902221970465,0.4200488542112919,0.09122752139622825
0.8940995361061592,0.9198709341305428,0.05515659060178546,0.8206415603544788,0.03769739042267062
0.21611612229135968,0.9144889370139274,0.385939651437168,0.7702066234487102,0.9895273412128907
0.3492095746126609,0.7259556788702394,0.8971102599525771,0.8870864242651173,0.7798755458576239
0.7620099404776617,0.5157722876737236,0.928371843721051,0.263784102448274,0.24031135111923307
0.8042337890322266,0.5499210705196631,0.269636165216676,0.7861684214493713,0.26971700408253885
0.7636152989616567,0.2582643578871635,0.4807861681797273,0.9920159693968357,0.6866504233540373
0.6858544924014919,0.017878484034818065,0.21623289439099125,0.06947998488353191,0.5703860995762268
0.6059089432132964,0.49451545695831844,0.9129854064310087,0.3771170641716802,0.2199802048981815
0.5940721543255787,0.2792277353055279,0.14394829831489053,0.9411311084438876,0.12131866708121586
0.6794541440499191,0.2281537282590791,0.259372533524196,0.3761224309222736,0.3040635375065027
0.32771121953222926,0.8302168829505273,0.25196214363122926,0.24422167899226,0.6758887574206133
0.44151869651086506,0.529190098746567,0.4493658716251506,0.4931955197879292,0.2985887562882926
0.34424589947023987,0.578072787972485,0.7288146973812732,0.7008882362282425,0.2632528417842155
0.3787063575653773,0.8181097847441675,0.9128586899643873,0.20221508745897332,0.5429499379481127
0.5095417433223326,0.5826915317979084,0.2920419060771723,0.9923953688452658,0.7370046732222719
0.92618892143945,0.8114530304136905,0.8285385759270494,0.5697078505699332,0.3060591982161759
0.003504663531058272,0.02762975580841509,0.8238405151711938,0.19946268683305202,0.06076926839624086
0.4111272782593792,0.2343250656505268,0.019651482746847804,0.8793930568071955,0.9656098313808841
0.8767649074853728,0.4534744539208809,0.663125901054999,0.24109014953735475,0.502875326977022
0.2921438522052976,0.2187709725943373,0.8238164771672455,0.2092074824188761,0.9240901299302697
0.944765729882428,0.8496473906774115,0.24734810174319766,0.4505441353100935,0.12915941515149498
0.7068035962105051,0.9200381641090526,0.2706836043017311,0.37049143705951426,0.5689214058447163
0.9762641725102805,0.7832962968923645,0.17260011865109326,0.7883539290399766,0.7483371492260189
0.4901114766364554,0.08658735817935026,0.5924454407904143,0.7587637507018775,0.1907172530047453
0.42205278769489263,0.4131868338310326,0.6588398446832632,0.7732443333486324,0.9859402697781369
0.01827551473835698,0.051612183070706474,0.015975828843382334,0.619131870047114,0.5600929176752085
0.9356551294095445,0.5861203488054969,0.29814297114814026,0.1491351078475378,0.8295231655007547
0.5006880342007636,0.7138422800498265,0.05322728487553097,0.760267776323962,0.5764265049041368
0.44210703467972,0.33440117898874866,0.3945723153189238,0.5299405869302329,0.16136735838838312
0.7464189397373387,0.9921514352300481,0.6135146827175125,0.46325660439450267,0.09007386294689113
0.8890962427162395,0.9933608550547434,0.08667856115083072,0.8622516283024872,0.390515697684394
0.1845350507366441,0.27320350605023247,0.4089865037338344,0.6992427352454739,0.638723408817006
0.11894392458004954,0.957156922368007,0.2703705254504867,0.2778345458750173,0.6455022218385325
0.19201608474003673,0.14602101929696254,0.9380641395681313,0.9176472779044335,0.8874689402128824
0.8598334808462408,0.3748106314165005,0.9928317948823984,0.6805013693068976,0.4239986983579821
0.42172886727902814,0.12773055922543197,0.18183547198254946,0.7129640635767666,0.004842678763280039
0.972095993212311,0.6175573132096185,0.9814157218336639,0.3377559871322291,0.7030316999741315
0.9605422799010515,0.6417924654568271,0.8092142068857202,0.1319099927237103,0.682599587602558
0.48323207587543515,0.9868959453882975,0.7545693612057366,0.24860488461330632,0.5383949792869577
0.2522713787144927,0.4592112786357787,0.10934682329818912,0.9936469679185668,0.16536956105400114
0.7700393156821232,0.6350510702024892,0.2371943511339355,0.8740459143411642,0.7321198004106302
0.5527318705895392,0.23864969023285376,0.6353617674283816,0.8537630041248534,0.2240670469152124
0.050974035791661376,0.47932527777151546,0.7230344308507957,0.39324646479203773,0.2172334745924347
0.6319329628514445,0.4391157742826395,0.680199123483904,0.10848125756641569,0.9612792423673864
0.6454418331834965,0.947522980551238,0.04126974737462186,0.9188528558831043,0.6090816550210135
0.7112523934128624,0.5339234469910733,0.7865177838834085,0.15309739464624172,0.6381345926459039
0.3773947923300428,0.26922281539837256,0.6303899663417494,0.8503456614668663,0.633301042988345
0.0464052889609996,0.17059685995874696,0.4080302286694437,0.3555999623400311,0.3471658191833632
0.9497453480397686,0.3278711615825185,0.6120989856821137,0.8917208757399636,0.630073929696232
0.6091285103376437,0.3487490302401308,0.7376891165206392,0.022700365754377394,0.028456849691983588
0.9881240759546354,0.4852304557653562,0.17916391829015088,0.8911400917935094,0.4603553731348269
0.371119691218732,0.09668971633774304,0.22646060375805488,0.8977052264725804,0.9796917464358285
0.7609735645316532,0.7209553104836723,0.9040817085413082,0.033821641719199214,0.44750069761745115
0.38056371338599193,0.21363266065367392,0.10223235741319037,0.7717489419531949,0.46891048518181366
0.02215263274889967,0.11255145047989612,0.7201866795975679,0.5935809906729136,0.715247614048682
0.2216236592935409,0.7986768663103605,0.953202078753105,0.13760644701843094,0.978697884791029
0.5164738681007048,0.22494754068976142,0.5159155219608352,0.48171275387775425,0.20871949712626325
0.3508191093350156,0.36255979655909454,0.8057145256682179,0.328179482797612,0.20905937370684602
0.20808519048126517,0.49840042566201914,0.9035081053570586,0.6174335204824778,0.8554328533030777
0.2161538276063797,0.4837036083151729,0.956606505463572,0.8397840356173905,0.9416309195000223
0.7226057936657777,0.42922841153295366,0.5719858747427331,0.6896899471524939,0.8749326265741181
0.7266845853138338,0.2408926694117306,0.07392557655808463,0.8021046358609166,0.5591619315533676
0.5062310360908802,0.025632249884422587,0.9247474758643617,0.8518368088189332,0.5242579279038355
0.2648662578135714,0.3498616942224785,0.7083240490779703,0.367847181142801,0.5552633226079402
0.5647515636282824,0.7102718538941186,0.15325496231911573,0.7289882951455372,0.4615281081002919
0.7922668725225469,0.22224632218615148,0.5809639180125632,0.30905671603018914,0.2494953792253053
0.13192982575381085,0.49550917733063826,0.10661927280542349,0.34558087334869747,0.14838537821747766
0.7338218870696326,0.04744747486005019,0.24102263855769834,0.8321477873437125,0.8619906131778811
0.5888967815147237,0.7821833953132099,0.22695962818706095,0.12827739414696326,0.4826101705936361
0.8995852164620958,0.7418129092665151,0.9721829681870411,0.5990715103352405,0.24171373209131797
0.8388393367652703,0.877120467662288,0.24317998026422594,0.5505706345413642,0.19249315063582706
0.03229599670421257,0.10178931150434112,0.7231436344271419,0.15508215557279414,0.4435067233053783
0.24267135033180454,0.5257479140952607,0.23351185859326462,0.8080114200967736,0.3869610795177373
0.9686869644628192,0.18547950335642227,0.5432608693258801,0.44912614541902673,0.9188561089257496
0.08468834187530683,0.4666931208844084,0.4821320989198419,0.8409087104029072,0.22123869644606398
0.12108129824146274,0.8646591138898917,0.4934442792827386,0.5721468777864003,0.5694326830948546
0.8566938033265644,0.4603808754259775,0.8264993623010078,0.42310548127632985,0.252307140758638
0.7828344633718626,0.7090352413257717,0.26930586714599547,0.09743516310154798,0.0001800389839627936
0.9131087869195494,0.791284828925401,0.3054375022948572,0.924805479191647,0.32964649674772484
0.007691035977311911,0.3118874031886181,0.054846956926668744,0.4822841330874551,0.8218014527582085
0.3670803735927616,0.3933168111187052,0.11788606628800513,0.2258213545347888,0.2616472520636087
0.8081187549853212,0.6120009375568681,0.19323599148486714,0.4733541793328011,0.6819051664607716
0.8670150784720089,0.31024642468761054,0.07942369963257645,0.44504210751024,0.7850933064979919
0.3170824173929506,0.5360563543270873,0.661190899731938,0.7034851104965666,0.13675502361338754
0.4264648002270549,0.9186841779432976,0.5764046934353918,0.7063792099030417,0.41703522451317077
0.4883108861220059,0.6420699995987295,0.3318832379203446,0.7397521109884252,0.705314975221825
0.052023755029446894,0.11364603869671941,0.003918374951093262,0.9994606810596731,0.8022736971474778
0.039902342543088554,0.22775881371952156,0.9018081374423738,0.5231189668395544,0.8154412464879698
0.5635783427765488,0.7356975053062538,0.2700024811211953,0.35276846585695576,0.8716367705200551
0.3488205339694793,0.11099809879131484,0.8082352100092222,0.9476880259644708,0.0723164752579386
0.14873433308238138,0.764001456027842,0.6328859000204128,0.8168960372719875,0.02868557363984714
0.18053591257153878,0.4747571233962561,0.3933243110934159,0.3692965649266392,0.8309528639338625
0.09687288907304326,0.15270108819126504,0.7103989651929221,0.38298093508964437,0.1993428397121927
0.6293986381352625,0.6957486889846172,0.45454106476777323,0.6275580800840634,0.5843143119231002
0.5664308991335604,0.07894027849819019,0.9715401943085151,0.9364510344721613,0.9344066466154992
0.7355207057935812,0.6637916239414441,0.11338709555257254,0.720616290663715,0.5003051563545148
0.9084942513366362,0.6677170516418508,0.6175856779093686,0.9264635364705636,0.9936371776083867
0.47396164026287235,0.6675577385210272,0.17231987120162984,0.19228901880867078,0.04086861626647886
0.682956055963137,0.3254411318286087,0.8712505544151318,0.5980221877819584,0.8486698443343861
0.2868818977933507,0.7643120384292353,0.9341394380831445,0.9149612820107569,0.13744242585717859
0.835302495589238,0.32078006497173583,0.18651851039985423,0.040775141554763916,0.5908929431882418
0.0038990431140297765,0.9643460803827953,0.5169631024835379,0.5725121330416838,0.666122484912028
0.664799276689397,0.1680207492560971,0.817033027220336,0.16136772295436885,0.3259857008077496
0.5603762658820751,0.5066492416787051,0.6501130275414655,0.7548755467771248,0.5543847058315099
0.8106835703375919,0.948369552788919,0.09132573433355706,0.16144768603292103,0.9607463027713554
0.5631643884539549,0.9437741203448161,0.003830290500322575,0.23812484325399874,0.9384476404104076
0.7982852766484908,0.953770740076004,0.7955574983947842,0.40760820321789093,0.8215085168980919
0.4755587381251365,0.21400090171172415,0.7733086427256216,0.3203512748736276,0.1751107692938576
0.8129038546502242,0.521527838554371,0.7179711067410288,0.8962267737783524,0.7731789782586551
0.6354830155464882,0.10587902147380224,0.8952948141563388,0.7924877273700713,0.7508777765144898
0.15682609733969533,0.497066525791658,0.31018637723306575,0.5659668238285481,0.46671030278522596
0.18044199864596888,0.1960543514547023,0.907862087173498,0.931137909192623,0.05189724118513095
0.21089339212745228,0.3414096565822581,0.5743304982873592,0.15531259390466845,0.4817440798981889
0.4673924612204776,0.9277521710224531,0.7693305888246348,0.8314417798338483,0.1330982688294109
0.2420552715115004,0.6721355474058786,0.7616196153287176,0.23763754399239967,0.7282163486118596
0.2875595650906989,0.2745646772243131,0.22238158017909282,0.33252835975457073,0.3531330751434124
0.7163865578849116,0.8859023776825637,0.0003070750337554884,0.6878521850421537,0.7670116940184214
0.036886947354532795,0.6095643339798968,0.5026790232288615,0.05147875124998935,0.27864646423661144
0.6411531288601565,0.39899291667024717,0.8255523794176862,0.07193315148136581,0.19641408681470107
0.08638674177397698,0.6035117908141298,0.6874506996000068,0.2948236160214538,0.6028141163613772
0.28104975016688916,0.17349605035502202,0.37975152291931746,0.8014457762229537,0.3920935769045727
0.786367385961698,0.2500567585101532,0.4170487283209009,0.3504702023179279,0.8588139146748568
0.8129010091300776,0.9997176732861306,0.9966368370739054,0.5554317056026274,0.7689874151805105
0.9239086307574367,0.15619369334506727,0.26932132021310407,0.29401408662010176,0.3052863374010121
0.7164653773959645,0.6081192350030689,0.6005983239467578,0.12411152749485665,0.6182837802954484
0.5993189696161291,0.7320306915244569,0.6550744330011887,0.7308568708146116,0.7622816845778577
0.2521951614279182,0.324750608967202,0.8347984925799404,0.7618052549549524,0.32909588031475956
0.2160314403930722,0.9672711903702976,0.7151250198168879,0.9571348325397961,0.4271050453603432
0.5535724312795917,0.4154184549121288,0.2499832313177356,0.6641207177673373,0.7906333788384025
0.03618860401535773,0.7392399564655506,0.7124707373509691,0.07961082477667891,0.9066223650367946
0.42438107897820343,0.2599140620855509,0.28963872999190676,0.18645392131105443,0.33600055720760835
0.9565013982994801,0.737508359459007,0.35325140850206416,0.2965355812876552,0.34970322974584955
0.06026739028956085,0.9344360268055143,0.3516226872396344,0.10142082844921652,0.48587175918632564
0.9950527524792473,0.937816965232562,0.004281757836103628,0.8854387643623057,0.06649079517476653
0.919823835415061,0.7871598402865702,0.6267808021542753,0.9089288547481374,0.2658687496191996
0.7545379761511037,0.0383490509254073,0.027083654828207737,0.08334932692085206,0.43756532514714264
0.2255802472456261,0.5980550275396457,0.12502549891989356,0.9784531482143263,0.45457545889364714
0.810525784364687,0.6377038574778656,0.7036078280700853,0.9209051159649763,0.812093180146795
0.9606008100125213,0.6884093364557076,0.3643682941000802,0.9386003157947275,0.6628030863757358
0.27404289192659625,0.23896653358859643,0.49874127956330483,0.29150512395457395,0.5160611721863618
0.9323518979012438,0.981521014576294,0.8146978461200154,0.31478381581281056,0.403487475280505
0.4070162350061598,0.05853173927537669,0.7051122613353439,0.5031983276849831,0.011308686680100544
0.9339712657546985,0.9558538308764427,0.5818508840944658,0.07169088029543191,0.49112756425593573
0.4344033190066098,0.723447817850001,0.009054161580370979,0.5894539894846972,0.6132916848873791
0.6053550514808296,0.24665624028567978,0.6108439090242739,0.8961666894849317,0.5568767999425523
0.8043964469152018,0.2070848248877104,0.33591384510668953,0.13423841909374357,0.07417263028492238
0.7250060762991187,0.574287575090211,0.667212337194181,0.7770492856517561,0.8622029736581888
0.07903434540117349,0.5515212147149954,0.5042392698481033,0.057334760222510384,0.08775922051931062
0.20388647546052385,0.18705683602638035,0.48901738034659425,0.7979313675113155,0.568970033761241
0.6398435062778967,0.829492636485023,0.9980712535922371,0.8384443861722143,0.5574987596799474
0.32906281690090955,0.5981938785178935,0.18356290811990872,0.28488863890306104,0.4166318501194115
0.8872109930416968,0.04089368260208137,0.9852256677254061,0.827087877458445,0.7616621162936984
0.5920029821593453,0.768811656238217,0.09036974851247814,0.7768739122188216,0.5632350688751798
0.44312734532291453,0.37619046876962214,0.36734051527727996,0.5259465769014594,0.8087994445011507
0.493974988305266,0.2764105410936747,0.5687279416481599,0.4516366846832235,0.4349591063512168
0.9812575773912768,0.381616499109135,0.775234538899056,0.3425910828111318,0.6276688771588087
0.35135901433178085,0.11865584470938995,0.14685714864020227,0.18575905620621014,0.3282061685714224
0.843564292141309,0.35545800048247467,0.41886971972722054,0.8319776487488372,0.09060301600535803
0.31782628436048,0.09053375836915722,0.8022417648980988,0.8044687524623366,0.6188267946423144
0.2001502442448101,0.16748258225906976,0.10456784033440025,0.6364302495436367,0.7064757264869012
0.9708474014850094,0.12965040049112864,0.8959989516809134,0.6912404111366103,0.2589960732996327
0.902102219965562,0.7451395624383232,0.053069865617590084,0.07957048525758381,0.6849242281489275
0.38948189490242036,0.3855119047369223,0.3403871042545057,0.5414076073475852,0.1541450431784871
0.3318744430807601,0.5161354360649217,0.6334378188697185,0.6616294693816545,0.0012958799117780417
0.8225347943841967,0.8039585075525203,0.5525009674078891,0.5201698923107512,0.14287596133941172
0.6027259454572739,0.9321375268403516,0.16942374019741058,0.5154468071461137,0.157751638878312
0.21204483990822665,0.6109809888509917,0.4110284698067047,0.8398613028667203,0.9000231233980112
0.43964232052484653,0.3021910269280519,0.06718519652390131,0.2527078597091249,0.19785464967766442
0.9533040763959241,0.1953758894333527,0.6606563360492455,0.9169623507294894,0.24788631398406247
0.9672716223441766,0.8907923537367075,0.6670530032700446,0.8567235716710221,0.08520443089143626
0.8134953650370442,0.28691897560982826,0.6770680714343819,0.7433176945832772,0.16881496459993894
0.8910608372525463,0.5931073576836771,0.5385367687674237,0.9983848800081085,0.5473971476338937
0.8072312916803529,0.5060632494365266,0.37840056119092813,0.8781547155606045,0.36825163219947576
0.3113262774199327,0.08866647043642462,0.7597573781680654,0.5244272344530237,0.3066400323792976
0.624405803249171,0.3865581687096312,0.7123232109262922,0.9869781696879532,0.377101079484485
0.09819716574878401,0.260483715196548,0.5320522603832052,0.11468157865674711,0.9351162411893893
0.17935335926455187,0.5732229575562436,0.9838459228475457,0.29095843051796166,0.7943523292476752
0.38697324481818385,0.04488030508974561,0.5345273742243177,0.07281199212486089,0.8019186807179438
0.4102360162875679,0.317621210536728,0.4384266120984911,0.6103772623550536,0.49298400784024143
0.3070869310245482,0.43661498649135444,0.4981170203728008,0.9907187433734728,0.0688914007191832
0.8431448650297454,0.6442130159896179,0.6507243843338003,0.8668214856884892,0.8939730574625047
0.24124263363788112,0.7973841403062013,0.7494304992754354,0.08101414468587398,0.6973216081020926
0.9671156173713614,0.6921053978139172,0.2513189686263154,0.9096769219050845,0.29402973815510436
0.2989120412044165,0.09481777516205803,0.12635922497221597,0.1806711281809218,0.20365333436494837
0.8918834905152935,0.6371700994679659,0.25738801408388456,0.7832878098783613,0.20265177128723177
0.4274356695512971,0.2383924421890098,0.004197160830565205,0.1880487531469086,0.004060586286875667
0.5853922110366443,0.33784061907484764,0.3929516358588919,0.8628866082494859,0.8845314396280024
0.10680070400236363,0.953402879382095,0.06022694490029745,0.29765027756828044,0.29806620117000415
0.027167421225559818,0.06520459126049205,0.46393137681233276,0.9092202058615602,0.5387017979527142
0.5444532154467844,0.17837803914364359,0.8337883312986419,0.7771596962598291,0.7557695057372498
0.668030917259852,0.5072497073358277,0.9047349898459061,0.05642347541742232,0.8131791287366318
0.6528730929701598,0.31985303892971007,0.24316757352572904,0.3424562852966352,0.7966583738498375
0.4359599891287641,0.38654225017280064,0.19192180809081538,0.9639412669836536,0.95939361244382
0.3409619736429885,0.9976722632646592,0.2635514794967778,0.27913047077426967,0.9306722555623983
0.37817181445293124,0.747745820932628,0.9128959803062341,0.7549317330722383,0.2271263655918656
0.944223141560321,0.4540697609496843,0.07951593403083301,0.25769645620237736,0.23296992031553299
0.9295472843248312,0.2130383142111527,0.749155353542086,0.2038733092321151,0.9601860156223588
0.4101495546725834,0.6258621301085001,0.08111467125112337,0.7567329468165218,0.7683988218048714
0.5727532592481626,0.09132764436533236,0.20379383529992168,0.031108584187416133,0.5132935824594983
0.10312386883593261,0.9025529066795667,0.5052523724478571,0.8264574661077416,0.32004960103061175
0.14513969326614062,0.5462738210112592,0.061815693844453956,0.8809087649911006,0.1421463704565168
0.30336428221417044,0.39283907648140237,0.1796512179553419,0.5780721020124125,0.9579793532488906
0.046684819899273755,0.779531681823933,0.2525860066847242,0.8296438053529284,0.7039366670345154
0.26138083537636325,0.7614490771467949,0.5099918277962828,0.45558884224276963,0.5841399311660009
0.012137458315200522,0.48864389709875844,0.6442054818406923,0.918191773229734,0.38133581712228426
0.5229873081917097,0.04322315141777899,0.3424999930081374,0.0768494618612342,0.3929444393733599
0.7488812796659343,0.24898326623151423,0.4646460011407888,0.9657266234117883,0.29811555339410345
0.7896419016414242,0.5288805877655933,0.16688923897905228,0.4450410750575319,0.9243453680396493
0.11752624677710488,0.6492103021160636,0.7460448792654233,0.5833687650971596,0.9621725484745419
0.8515501879056374,0.10566084814041343,0.11404997008311124,0.8493042826041832,0.24441956117589692
0.6630110034940242,0.4233399706211646,0.1253708926226419,0.6744668799869837,0.20757873085437317
0.48112402336971494,0.31451237037261315,0.13779977204399074,0.742376382872638,0.8798567688426544
0.763269835600954,0.4757931965362019,0.2998642634334221,0.8318686148238282,0.8816437551809347
0.7372696831257044,0.9019880942931561,0.2364039589531146,0.4562958831277989,0.18448787716439774
0.5312765349917838,0.49564466957127484,0.2130110190790342,0.4511815436999833,0.9236442312740452
0.8375995675057702,0.4896558578716983,0.8146066843749209,0.3129182706552194,0.3976498583230128
0.6854066230403211,0.5340023057474993,0.23695636258815678,0.743888144118619,0.47343786783827446
0.1413127444941602,0.3089764607868172,0.043557580354751435,0.3092933780174436,0.05993043311889179
0.21054058840374457,0.5145078780784053,0.5967729438364741,0.03281431662363643,0.41355155923488807
0.8324237819352568,0.22615715342496212,0.6785680368324246,0.11812170486612805,0.08975068413476972
0.17713545479300252,0.363627748771157,0.373464216792722,0.9931707895983327,0.9948130293037722
0.6826711524627593,0.6287340150599929,0.2661013685373086,0.03900642076281813,0.4555667819901088
0.6238066594255363,0.9464504581607692,0.10382708601111934,0.34203383987045766,0.1339366988727243
0.5015470739436155,0.5989234460110525,0.2657483575030042,0.20329356424166156,0.2738090948056513
0.4487638884268347,0.12125271213239064,0.5590677276092374,0.2650435287113426,0.3844330974291502
0.3633833709964964,0.8590776944503427,0.46803469292272704,0.21344933224460927,0.9346053880772532
0.2230900184453558,0.056515690796757334,0.10339493663004151,0.43150811984764237,0.22991837086163258
0.13971019064915835,0.04552549979974352,0.5413288592698038,0.793967726043636,0.6104112036936661
0.4573790945561945,0.2932701216186546,0.09212341482876796,0.22824629898988757,0.5536207795648738
0.940898280030737,0.9708029884185414,0.4487388181245502,0.9687948466579227,0.3108205149559963
0.16147048151904642,0.27270184980354006,0.07882389545335,0.13564952426007792,0.25068296486844754
0.9738004133571495,0.5441986625037022,0.2752391810370083,0.7094388646339748,0.27149200254271133
0.029617858217774184,0.8006823564264145,0.29829267843077667,0.4932114395719891,0.7878442635970163
0.5511971879918209,0.8621807919496653,0.5416969395880553,0.5991989276172377,0.4450985728973855
0.030970603422510123,0.2748956582570877,0.03279987427689601,0.42033538919549895,0.8951000290662443
0.23882210312969743,0.17185333261374425,0.050268851174613105,0.04561148177851948,0.187136139808327
0.5202887308715046,0.40927272864618414,0.29498238392232445,0.0539511322741022,0.5207742386385216
0.34071876630700526,0.24817291980837441,0.5798932423754992,0.7049918837513753,0.8128960371829431
0.08483771408519192,0.9866395785011755,0.3742707957561203,0.3706421470668909,0.8127995672575026
0.08533298229916564,0.30210608064839584,0.22930903312031004,0.5486912662093353,0.3272894217257033
0.31063060410658105,0.5935073929629318,0.5020952334139177,0.13004700521468282,0.9898065158151844
0.12803935071759132,0.1903425410760331,0.0005278436858323632,0.8694216477856673,0.7649583948988818
0.37391602721856676,0.34624490194584034,0.24481834726203255,0.654287335904345,0.28999008041367735
0.6817359520656108,0.5055417234297395,0.6942318788231372,0.172754646011967,0.8526322327715399
0.5339565469349339,0.06168029625309546,0.20874588239862923,0.4858205588603991,0.0859737352792116
0.8310844073565952,0.9117377082773536,0.2543400875776042,0.7725264231625943,0.2654732249976489
0.9743458249772865,0.8983220196913693,0.31740532915896913,0.962572886161193,0.8123952417460469
0.01802425316444023,0.5950308533415132,0.588368758244175,0.37870790874791405,0.7497673258508377
0.604208575793655,0.732523747287522,0.9913346342248459,0.2600937135077649,0.32238982137347505
0.28234238193173233,0.9374485607401548,0.2047773819306884,0.166539232099832,0.18183854974819902
0.2099318316734844,0.7761518641056229,0.48640909899108653,0.2247500381773575,0.19517461504000622
0.4800359575072838,0.60008411190417,0.6516933714956425,0.07092751177356338,0.01773874090858507
0.3452449311574134,0.8072455829934737,0.8969227410227758,0.7879183594147862,0.84849901872752
0.8525266696954988,0.5619879451183827,0.6628109362497648,0.6489047080606765,0.36398213989773254
0.15628395850962695,0.7206270065260263,0.7250759105109018,0.6829937462355694,0.22744058931457767
0.8179041768324394,0.038363861355701134,0.8707971723381132,0.5127498997939296,0.3982502348634128
0.8412300956100756,0.19836360624008464,0.3168891190621502,0.5168806739736777,0.5716032952360652
0.5056495689035311,0.526123611778777,0.20432466143702765,0.7210458363010783,0.42158400579063615
0.7839718505055895,0.39480728287825606,0.646046944096596,0.15061095306851913,0.9326481005424786
0.8843972763852587,0.8643496270606393,0.247460138146398,0.8379846017090474,0.16928127754296307
0.8129477019446214,0.678542029790759,0.8890749167467196,0.4493360594354341,0.8938897627221916
0.9540510272587224,0.60617463445088,0.22864280550346272,0.6717006844058567,0.6181282404578958
0.6696990448287525,0.8416317320471184,0.23368028441447652,0.18768063432097748,0.011211023247280294
0.4336260835426313,0.47245192036653294,0.9969618462112396,0.28227178596274816,0.3941380041077108
0.4150897026278759,0.6148966387647306,0.2593180844189722,0.3780379046030521,0.4423188563623751
0.2897279837382146,0.23875177108602408,0.21354285449034138,0.41114433647998705,0.7040314525916569
0.822848905522444,0.8504901885825635,0.6416444970912203,0.8332134181708034,0.7006642057232902
0.3500176092979035,0.3464745399364295,0.5601321417080347,0.4634435559955775,0.45980813309987056
0.31296906015522596,0.31304226208978503,0.1038629267009461,0.5598958107965798,0.24483233812820926
0.829164915995099,0.8375540750429986,0.11742866787347517,0.8123227798420455,0.5641649823786211
0.5777817617119738,0.24452643145884556,0.9226012436534787,0.5572739967343185,0.5265053253821466
0.8774700466544819,0.7387231507265664,0.013745554011345251,0.2483762603698002,0.21440648299316456
0.4840186346694154,0.45955840577715956,0.6914444274153115,0.0026611036192794035,0.586760265771483
0.7267805523552676,0.13668831972388296,0.3395059072718438,0.9427452535006329,0.5028754776591401
0.2018476685437104,0.6095551016456765,0.09094623972314098,0.6957230302181586,0.4090011410805727
0.5055950154590377,0.25952332297713443,0.9344739302466315,0.5219356677911031,0.17346249631794308
0.07813104293905582,0.06969577956914585,0.5929594554972878,0.602936067575538,0.9061048893549762
0.05187043071066,0.574186127272512,0.9588783191184578,0.014631179505223413,0.2402579884224546
0.07251549633756249,0.9940559567681135,0.8700225271891717,0.46593278330109233,0.6663765241924039
0.4231748514330562,0.623182961400293,0.40185990568907637,0.8380356018481746,0.4823185800675971
0.06887468520822926,0.15113525941620154,0.993572171490861,0.8711954020224856,0.13332741934664782
0.6951575104898038,0.8103628725474499,0.27910479553955514,0.7487387091100682,0.8324208554247096
0.6310469489961815,0.4072597581945191,0.09703601137216322,0.9474299981808262,0.4160790816386857
0.6203030900433798,0.6449822620531418,0.3743827847146187,0.20826782126756904,0.7203202132860334
0.389030491584902,0.10385097443212776,0.863036493244251,0.9226935134429329,0.48242636435641273
0.6800025915317677,0.45077853957517655,0.8260557504884681,0.7167813399925107,0.9135930815452968
0.49546013317236026,0.952824716936136,0.6250132491160458,0.7172054798944385,0.4312369913906071
0.9214577362165304,0.97850596693269,0.010670127006162766,0.6227412763774776,0.41283939775890643
0.8816149409898382,0.3291034310477686,0.4069537824742556,0.9062752395893533,0.7568667019578188
0.6607273931091515,0.9506063715798728,0.7296784136472413,0.052045838756131446,0.8842451739289542
0.7798186756231436,0.7839252791418876,0.5192800823952713,0.8579519454023363,0.39137809336374696
0.11136582336489109,0.8303221914806358,0.2531956784557905,0.5637842960192129,0.4053724704378353
0.6514298121960167,0.09422808894086765,0.6953056776022964,0.7247826567743876,0.9934799343336271
0.5220838091622765,0.19409453928960518,0.6894891563269572,0.9029767236174566,0.163705818138419
0.004333316482782235,0.23291582960097978,0.4395533460762273,0.5630792883523885,0.915902777592101
0.9450357350836177,0.0820947265907741,0.10934520731350295,0.8438391468633399,0.10959377456687358
0.3644047061362373,0.8174352692338844,0.0979690903950673,0.6797565876823719,0.2933283332065102
0.47909192104922904,0.9462969204384414,0.560907528070371,0.6675621017861716,0.11288381849184759
0.5813910991978334,0.5363868473411499,0.9426908265470538,0.6947596400433964,0.293972617345426
0.8302435279704073,0.23145317131964038,0.3773911104236912,0.7920842965739525,0.5280714117368048
0.5592271166913997,0.8798314961199845,0.4260328494448239,0.7227231504089364,0.28658564230414607
0.5602808490667015,0.43990745798337194,0.9471864655581935,0.8906508441418367,0.6595112723444972
0.3534774751283788,0.6422096370026974,0.24563157404881453,0.10927944536815992,0.7943842250928563
0.2991955061317254,0.13499556933063517,0.42256266501934814,0.09096984842685607,0.26324365627324664
0.09152999208409918,0.2957643540736953,0.9733392661965915,0.9769773207580144,0.25467163554711925
0.6571769358449668,0.7720120654136914,0.8740993907642146,0.392220416952931,0.8114298926822551
0.9513862184004778,0.43606061209230473,0.429364820389177,0.6780795101909313,0.7675685623061896
0.23706947011035762,0.11712793074230998,0.5071235509350089,0.5369863843736321,0.6758289313211581
0.9723654847799783,0.7357404498934492,0.015499916690321025,0.8799856915608364,0.1008047848685576
0.0585509292439792,0.3342383186960608,0.7848969771114676,0.7076809347409158,0.7886149646724064
0.11644552408471143,0.5964745775439524,0.2749791919736402,0.07964512903476584,0.42960274344854676
0.18598699959572373,0.3543280557684829,0.01537018270878876,0.16652267925823683,0.3353398193126772
0.7333839593650058,0.501893025160152,0.7459668078860847,0.4945155505222182,0.12795816410830285
0.04335321411952808,0.7061673428895245,0.29110490552717494,0.2450950073048921,0.32425800069796207
0.058153027989850115,0.8521327196193863,0.7304362943536913,0.6986153060111209,0.3396763385456688
0.2203798143662371,0.09578382552549614,0.8479537823472516,0.649367437522107,0.15785543639868138
0.14989429532815812,0.0899672788609609,0.5633837406661656,0.1137624624806518,0.13877588411263075
0.22420981220884317,0.6736624198934342,0.8947018610241837,0.03291858676395376,0.812451131720594
0.6995703298454095,0.7057667693076394,0.6999660121046174,0.8542604370931057,0.08738006251949093
0.6982692319477085,0.7322592825084565,0.4606990131165025,0.6768855167565773,0.5382394482471339
0.2883065923760092,0.999268685196316,0.08431752685655247,0.5681141810051872,0.5154493601746942
0.8035740853838729,0.44340821299471656,0.4910336198668015,0.6699713489009396,0.22124394441204887
0.1448986133661,0.1041788387594983,0.3003154234639268,0.9991787463354405,0.0943294132616681
0.2638824928499246,0.7210358225502829,0.4757675090025101,0.7579035355840174,0.4865358478198907
0.941703134706335,0.5704518470188736,0.7942006782573834,0.705038717544494,0.28080288854758184
0.6376642845894569,0.6545144667421172,0.08464993460641068,0.9502246055934324,0.10693606349574392
0.8211261044851798,0.4930351215402048,0.8467830271688292,0.6007397744503934,0.6818330320328587
0.6253976298804127,0.8169684504748762,0.6535607255451928,0.8393708635378904,0.9444878798452436
0.3854921775423572,0.9663262632072687,0.11130867979959014,0.10525534524604097,0.04331601945501573
0.8792726411829093,0.7792031367651079,0.19074826370580278,0.6940199458245654,0.6026329212856348
0.5976823355234591,0.8696958848516338,0.8908321482896335,0.4490377603699617,0.45930368821307377
0.30774951660782024,0.12642622715502805,0.7608075414310771,0.850780382630682,0.25700623222243224
0.32531882790763844,0.32455501424025246,0.6318445066424758,0.04476508538311641,0.5887860453018035
0.3008783178608819,0.27239095294880433,0.39177662557450343,0.011996679062675653,0.9691406601612803
0.24382385260040484,0.34909698649408205,0.1626004084036986,0.23005436774689703,0.07656864182011625
0.9042432914075651,0.37472197050737643,0.5498685627762052,0.05057310382422886,0.4261212379522308
0.5435955749112921,0.6537779229561563,0.387050011934887,0.6472222833978555,0.04476838868848687
0.49300590600556626,0.9654571431781466,0.5467554467301879,0.3285354769569482,0.09546730079404708
0.7432202504026062,0.8027580967438215,0.5439762579598412,0.14960285914085747,0.7868627237404655
0.4274505332424855,0.4103375943357709,0.9883898786398629,0.4698020756976796,0.25641836957542063
0.000252454490562104,0.7631743856097388,0.7468481212961181,0.509722705566481,0.9029189732330538
0.5008766058895991,0.9814214249220252,0.09737672910800421,0.30306576117510164,0.6382244150406114
0.12606104183739775,0.4393488770113805,0.16263325374888837,0.7511473516928845,0.166500860404579
0.24936844974269878,0.45038132314567414,0.2122119681017124,0.5004202932051846,0.7202380759451205
0.7778924758331541,0.8123688028737808,0.5737442425445864,0.1901538629126105,0.6770406851477173
0.6629958963989008,0.38229701496096236,0.4142442515210034,0.34803894342153896,0.23538500695330788
0.1985829782260834,0.5395229435126496,0.18299771660209885,0.438737207510412,0.7995603162422289
0.5327090660990051,0.03526301810514687,0.8400990156676927,0.044841374997573236,0.9062322741034792
0.9196081769537723,0.008171092407713965,0.1221047926303771,0.7333444499161096,0.26344160468691347
0.35764054958891134,0.2907438658906739,0.6147709531562623,0.9027760477645449,0.9622915416725868
0.5594021158982408,0.04577633942872561,0.931922435685587,0.62793749329946,0.9940619833831104
0.38395146578913897,0.7030720219071459,0.9610088489108218,0.152374063415453,0.8627095887795482
0.46713014276348297,0.777070991322875,0.1582595598103197,0.12330420558804378,0.26931649510577294
0.9140154920365512,0.6426227549480159,0.6743257244310511,0.7214044133839546,0.26050245145406514
0.5456084644271506,0.7067905043968145,0.790407475882988,0.1937389330248106,0.26175286903702366
0.15049549807258555,0.503570074403555,0.8016425898313673,0.44153401037889695,0.4906135758981991
0.7722447692966574,0.1987156815341724,0.005522117123602399,0.8154614284548342,0.7068573438476171
0.6211334068483314,0.16426366372062395,0.8459812924460132,0.8124024840313153,0.47648320785527043
0.651459858069918,0.1951079317256219,0.7041410963961697,0.7731507418889302,0.12431930759565057
0.802973301247801,0.30977754082923337,0.034397081153135556,0.08257310355131697,0.10952826776957747
0.04484864846989922,0.38135221882623493,0.1587908015751609,0.03696128404950172,0.2643975562944748
0.738874227046373,0.7499627217200269,0.6510789757492527,0.7322045446193497,0.08796578101305774
0.19225791846809193,0.3094695490886009,0.974904272810235,0.4111134169948486,0.44471277685833577
0.49407257743320676,0.61773121635463,0.8793010465893589,0.7403284847553586,0.461722918166691
0.2586490346127752,0.7215314473238819,0.060659637827677915,0.760584804976167,0.1270258971371404
0.9510906795670763,0.5383394903500163,0.671956140494912,0.09946159745218985,0.380575941378107
0.8514249577450957,0.2085105143573358,0.9305952146439163,0.11636639788547609,0.8174497084911916
0.2514991370562387,0.3210190794325922,0.3028221511745133,0.17186115659853185,0.8682009475248323
0.974990465268697,0.6931110595470572,0.4062707016472843,0.38974418362697494,0.4885811449750451
0.4274938719943202,0.36505065410553084,0.8022213189713018,0.529482882379394,0.6844490484631971
0.2823112021587265,0.9649896441742395,0.6227252467253106,0.878168771219741,0.10391643527210548
0.1075077824371915,0.005289005377082101,0.23946803851606313,0.5160023558390371,0.7135972594249814
0.810170166536629,0.6845406681986812,0.7203936293957401,0.04763220867835116,0.5683893669865452
0.643577695196525,0.5264026609361132,0.7315895217553319,0.08162998203058958,0.0603520839905638
0.34211307889195075,0.2336900356380459,0.9626521402274274,0.6515939141137936,0.2969709573515703
0.9018630111233658,0.08581647067043341,0.33917129907078736,0.5090142914470723,0.686009494831487
0.6894899217125228,0.9142907088675163,0.20051435076875102,0.8211800703683981,0.9492657155485353
0.7538048620602198,0.5127447429600749,0.2862037404555897,0.8522479719830128,0.5968367119959418
0.10935590310947885,0.3972912929459057,0.3368477014471527,0.5694823881365918,0.8611135200614256
0.9753324301065789,0.9882885893539061,0.7948937497064975,0.6290575985596337,0.5200625751846134
0.920571993142085,0.5002972796462057,0.2267478263411722,0.002856502817182416,0.5595464687447742
0.29367130524216745,0.2786317720487361,0.8114939374786067,0.8136926366900664,0.6914023695253565
0.3421565538100264,0.6432879371598733,0.6613109427985758,0.3533161208284148,0.14327892789688068
0.22612114759920876,0.041386336990985706,0.17370026601366062,0.046198937608803226,0.46860389961321924
0.8275189221063031,0.7645277946547177,0.5735289514555733,0.9560471436119331,0.20047451552840279
0.848684697354426,0.4120001833251038,0.5489144532482098,0.3072852273357036,0.45022059346573473
0.009852499521737279,0.661879278164758,0.5081614698846014,0.12683153517969692,0.5421915320788382
0.08245807798395388,0.7359472017232224,0.546501713897883,0.9535735374122973,0.18313537157176984
0.8514710138868774,0.5073635432245636,0.4808674586362257,0.34028646709839694,0.1770966942940838
0.6564786073315027,0.12809574636620003,0.3382675059944984,0.9280836403260497,0.22461561184385193
0.7710074386098854,0.8139161065660845,0.5183981907879688,0.9115490483051731,0.32595154395443526
0.8887895883139098,0.49570468578246785,0.895152125312413,0.06302885287127491,0.9164355221763077
0.7810977551241967,0.4498646953614197,0.5320072754668064,0.4289541122325441,0.702920998061968
0.22449487218663078,0.6588428999655017,0.7785880083807523,0.6765919894669901,0.48182810981759083
0.6815350002084708,0.3390285497439097,0.5714113930442343,0.4473798226380674,0.6591299126231607
0.5592181317684581,0.5147421937567799,0.09957971354002892,0.01602815645512312,0.9636851886870491
0.32329210081399706,0.41296659276464,0.8953518672122619,0.3595176921225405,0.287399273319458
0.7778299791402038,0.9626416629468812,0.3236129677514562,0.6879920186356802,0.25808046135792073
0.897127835580404,0.31660592565534473,0.32679597707504116,0.9176532959148667,0.013231070783704557
0.1925584251964374,0.3844655434665284,0.19967695645772032,0.9263959679423892,0.7143140463502409
0.1416113506178993,0.642833390815738,0.38198004546294595,0.9568146705908778,0.32997489529027646
0.6363742815333744,0.3245118001753421,0.26951186229227264,0.1909265850716435,0.6946409588937278
0.16555684209839294,0.8202795606708995,0.8033129122072206,0.6144589259733629,0.4388401327161534
0.7663479638310559,0.3687868398948434,0.16578378622872392,0.5033212592453877,0.6521420616113862
0.6955162563474939,0.25429491455769915,0.021930542435396272,0.9477875147879535,0.016367764040082777
0.4381786132483445,0.8391803949802986,0.16067958471184518,0.024971662117049598,0.44903876793012587
0.7463061694876093,0.49687739168679557,0.4618644590001696,0.639601748513116,0.4557062844202975
0.39245818622948003,0.7542649733470227,0.9184264321454086,0.9509285945025484,0.5771225860383208
0.19434119133794547,0.9773940208242655,0.7395054540254599,0.45154999826319253,0.06336739645751432
0.3908335492672218,0.8413083514997018,0.6771900939767854,0.6978046984944085,0.5359359931290713
0.5280765465677909,0.3735076297282024,0.3834255548387203,0.9670335085917307,0.7189165267317058
0.5489325244993376,0.21932040121138208,0.42888743135021057,0.6522640059437702,0.7271311968819275
0.1626169393448913,0.9109271844938425,0.822537242923169,0.949799913291924,0.72571950838836
0.8073143007690523,0.3838749534342776,0.4718429748376137,0.868850751801164,0.4148479698098231
0.5364452053515353,0.8075087334821528,0.853323282837938,0.4426262199413228,0.35898293802478554
0.00756287497814212,0.647474714154603,0.8980305489499869,0.24348229657629927,0.9270345447963066
0.11816482762165625,0.6967371653641506,0.628942846779884,0.877472013527053,0.7350710438038858
0.606731559008003,0.504336841454627,0.21718987082589858,0.2665660570421816,0.17060005330656391
0.38528063406465307,0.27725529349106937,0.4502595007430821,0.38465067228412475,0.7745910311105995
0.5935752544142979,0.12711049086702397,0.427541855359712,0.1608602934850979,0.7003478888665695
0.3021446128488404,0.1620686812970299,0.9277903714639264,0.3978641301981952,0.4497051448836772
0.994992625304738,0.3168188707062466,0.5088007532065069,0.5577058403000075,0.5794028299670617
0.6543140703513343,0.350432425790954,0.6427153547720692,0.217607720139248,0.97783965427042
0.6584070293788956,0.8483253174216587,0.39885592643916357,0.5506590463732828,0.706726761249039
0.1125041332380915,0.09488423014757463,0.33300763305224423,0.3735662860390806,0.21430007232287862
0.9666726667052931,0.7270927292242361,0.9928587751846297,0.6510511169779467,0.217460343603895
0.9640174071177023,0.3842067129858002,0.03899601257491159,0.03095579091934353,0.3879867599468695
0.6801585467588787,0.058133791026828585,0.9291163526913256,0.22252104417744645,0.9996732052420922
0.30625362078661167,0.6238958362916385,0.5270414639116516,0.4260833838903715,0.13071037674019947
0.9182086009087742,0.558718088107926,0.25511636463975806,0.031180864134762842,0.336301773454068
0.6483874811735261,0.8878421540622642,0.3295142198584675,0.6191859397698841,0.33194896411182206
0.7044936364116847,0.4538465638069116,0.540610994324729,0.8496001749824581,0.48013493963837317
0.6503411692644334,0.4208249528677942,0.9619153014112878,0.27418916794924764,0.5777055010154526
0.19171233045729363,0.630541004542351,0.4081723887310367,0.7628516453057635,0.12490928226283216
0.7866266646435993,0.5585841423206646,0.23101316703644925,0.1323037826518949,0.3010070403228383
0.8440409134460755,0.7166718682829376,0.10045602311350821,0.6245575025120912,0.11301262534697842
0.19396615148356977,0.42193226656345506,0.700721567310193,0.6475661660447354,0.6694118751671491
0.644716837814743,0.17707092191593976,0.5605221848950899,0.9813282911384428,0.5183151152025223
0.18340450985343382,0.3042422429595377,0.5247564316322378,0.43194501864211576,0.2912291401980419
0.09108441488005148,0.04912689389185232,0.3347435317993622,0.5092889906799262,0.5323477279546288
0.2735715735552742,0.5708408353221244,0.5927796939767489,0.7752113172341712,0.6153114072274393
0.16266081510548513,0.7343656764922184,0.20883093549458998,0.05856530528453385,0.5523661378172343
0.7699082991798728,0.9470333121923908,0.601344669907081,0.1546132440198339,0.1638583172687197
0.8741743690436998,0.05051688955984235,0.4244755610707073,0.18246567479193154,0.021532600298598048
0.2708063280369726,0.2475597702798864,0.06252629574284574,0.45894051659682034,0.7327334747861651
0.4971747640084273,0.6178472402012138,0.8689049844787182,0.5706097466388297,0.03038705969683686
0.22127659106618403,0.16141698768757395,0.37199475978916186,0.8470120353890835,0.8279120621490643
0.88912792394001,0.5788067545119405,0.6323913243283874,0.15647671600360058,0.4739212201161027
0.6652627361423423,0.1656367379685364,0.6016930103827183,0.8650286839296575,0.7275689280930444
0.6741292291126944,0.11409058277327555,0.9998905646313925,0.518808101243624,0.9099048739089699
0.7194731210687536,0.8387545779899512,0.8004797640295018,0.2627643941286838,0.41698335214885907
0.18125025555155194,0.7120079611981627,0.38495872263755715,0.4022946780763187,0.7832900924388664
0.24927786636638205,0.4856598756065795,0.5421581075233489,0.7662881375898254,0.39327365765898914
0.41861214128955004,0.9631302124667881,0.5834723667901471,0.1383946356448631,0.5459047098339571
0.27000499646501397,0.03498248830806283,0.2610667998953292,0.27870734562070865,0.909360326724968
0.5311094225441555,0.40822182258823203,0.27384251909925916,0.13132324976431742,0.8191645000962298
0.7575917008399362,0.30986088652268295,0.7187089930641832,0.19529973592387462,0.40814581171746767
0.007278663975058053,0.922323846585075,0.06599600300185171,0.9386213488143857,0.028152823620054668
0.9892342999379551,0.1016583640049965,0.8343207120423889,0.3821164941872488,0.5948287062056128
0.8282763941786627,0.7422595488375575,0.8562449939458833,0.5072827716587224,0.6246490590182572
0.31593834722319525,0.01706541656606797,0.899154186648505,0.9235487329534761,0.050946440413033534
0.10431308735188216,0.14551548278735915,0.8771275618985017,0.5281892617563562,0.4672609960075026
0.0938572848233562,0.9096268194365924,0.6692002629380784,0.8292867993167555,0.8789789002822673
0.137596151171114,0.4994867734907227,0.8904317549370827,0.46872284894123284,0.19568104974158762
0.40131971044850234,0.5047915452154143,0.7501588035003506,0.8032954738153629,0.9233405036867612
0.9823786169086064,0.11203890216805235,0.39785559904574164,0.9694704332753689,0.8655071258939803
0.5943317339265958,0.5936105444464144,0.16418496405635874,0.12346357373073602,0.9800519429764848
0.2854577202871508,0.29767197934630374,0.4688929855087839,0.02178894976225554,0.7893230103611636
0.5236943322446882,0.9824473570470746,0.05997927219151644,0.4879576397907488,0.7740617069461161
0.9201187291902372,0.7421444255511704,0.30192435449119925,0.11813296756419256,0.8531840720807808
0.5484973411052225,0.36655878527264585,0.8660015302588003,0.3234111324273662,0.15363508289444439
0.9649448154923829,0.7719734107089788,0.020195940773529375,0.9574154865182017,0.7754396297266734
0.45645340319572836,0.10749932099224235,0.2732624545555823,0.4022746240235646,0.7492929116644371
0.03317275703518896,0.5674015819237044,0.17045952894662864,0.14036273138610056,0.6231194880946845
0.13628907756186992,0.2594657705609331,0.45410532323556796,0.3717162978989844,0.8906498914045969
0.7367563453314232,0.349104115449581,0.9443976950101415,0.7092620937795001,0.4217988192845309
0.13066903242483585,0.6108540130819524,0.688125603584087,0.7029362268790446,0.5323539761386061
0.09304911298812923,0.5745430120502276,0.908652198783399,0.035459023525763245,0.8265016375949217
0.6121094094063371,0.8761443499618431,0.5270393249175989,0.08987047068933995,0.4632874490664348
0.4722818041629817,0.8801567379214851,0.21574067917645412,0.6778132003100442,0.6077521222527226
0.5852501530514588,0.24286465053126627,0.1662594283013965,0.5927707197430223,0.7613099154523792
0.051361073032714866,0.60814294238315,0.6420571467374065,0.66526292432246,0.37188050458859123
0.4060057732820759,0.8084022997975612,0.5951171308246038,0.5479144436766492,0.9266419675334452
0.4895395420941543,0.6963758498705658,0.1104431269411511,0.44114882504680186,0.8090185422666974
0.4006262599041731,0.3962833560674621,0.5460788323146444,0.5842472908539522,0.24812502904226885
0.036160380524762115,0.3031283559453286,0.26311256991084286,0.3601364074715191,0.08764274676383854
0.439963149507692,0.4461280094191864,0.7744117115869043,0.36739365922953204,0.16250515605918237
0.1589650940226306,0.04734997732683943,0.1959787224916677,0.581943641505783,0.7861154478031324
0.8841892277997825,0.41082142285825274,0.3498462680241555,0.12408068097685598,0.03518908454015979
0.7820018255939414,0.783952518097841,0.45326177252585964,0.7921899382752451,0.8386217961980568
0.9587029355439439,0.300488731415116,0.4429900202168703,0.7551356606888772,0.3090042483323804
0.4793522892158333,0.4537417590943016,0.8514350378574748,0.7086035243406688,0.03291079695493926
0.6251750083098483,0.539083766403271,0.22910938217988153,0.7863681693444088,0.8049530895087492
0.24226180921054408,0.2554600289634944,0.4557163454875359,0.5095731908260412,0.30887920812635594
0.8275063198732212,0.6972093819096368,0.7143266357349976,0.4617161438131191,0.9209945210965759
0.23420337092633414,0.21955392322980194,0.9598628027134553,0.6163004859257241,0.5568784431720959
0.7890684640295285,0.5823320928612362,0.8849831538790712,0.21144326925067447,0.25241442954073956
0.682977234575921,0.857654043461995,0.8917661413343257,0.09201658454067141,0.9652169766606585
0.7827348413570278,0.16061402646920375,0.9760951791114886,0.315065875260914,0.4289237077401594
0.4829418678765178,0.3891689748572088,0.24616183752393983,0.7542340170891749,0.6394519231267062
0.03332879497625596,0.4140671665768363,0.81725881101388,0.38757600040071505,0.6031611601368768
0.022664474521924105,0.8702005312278684,0.6103091184681755,0.29537187625899475,0.3112051739242816
0.6797023229000433,0.019148291192146116,0.02118409421285672,0.47848734127830994,0.5419028802702759
0.5379147001977388,0.2179983043884346,0.5578763158688504,0.46644708975889115,0.5757685815522844
0.3463562722714204,0.5049642497029508,0.7545831175084565,0.018295393219249556,0.5467517605736211
0.03424907035586455,0.01898051509790366,0.4515667139441647,0.6565401275499032,0.14243445395876841
0.5543225980836554,0.32874598834960655,0.720433702225778,0.6437706081012446,0.33281836109167195
0.45210220576431426,0.8174809350901403,0.5337206613520806,0.33848051036797766,0.6579508281194142
0.7743687871821682,0.930706409664446,0.08641205211886827,0.8002528812349731,0.12867114090064513
0.1089716293039158,0.25073182600205446,0.894538852240591,0.7151056136180892,0.6395538263773112
0.8874851867073358,0.4051464383580896,0.03830722199145098,0.048497368893938186,0.28391829091838905
0.6411469690335351,0.2930622692823739,0.5556665221785336,0.8992374018541828,0.29510032487924953
0.5025002450183943,0.9223805818388388,0.44003880552318586,0.8374176088409688,0.49584372118855724
0.08617882742803595,0.18593439448226712,0.18950197532638202,0.6936495143896548,0.40658540996580916
0.4972758259667791,0.08854639211404591,0.7408641931643092,0.21956439187475196,0.0976976709376558
0.7944592138252959,0.310822129799892,0.47789253146421684,0.891850879418867,0.8061794668525476
0.9001379512930036,0.07983893135040021,0.8401131642004498,0.8285731454392989,0.3219938963267649
0.4003047416794543,0.3144029376872882,0.14718473659918352,0.8209218728736056,0.44876978727218453
0.1920079704100882,0.8588084545127331,0.31947554589723515,0.2888073550643778,0.32744123345149845
0.14908974876824777,0.9850338450059597,0.8892854620742633,0.771313633225014,0.4115116028992104
0.04619173956109668,0.10178708528835867,0.29101059491521397,0.5756371359822509,0.015982555391149122
0.3083669550500321,0.5123751934895382,0.7904016521107659,0.9710083019348388,0.3588248809574325
0.49350036407261666,0.17839825192858105,0.513069422863438,0.81401673551993,0.7768603268982814
0.05940297389077098,0.8300730982055773,0.17090379517652798,0.3722586418947522,0.6003546855090818
0.3501663568576976,0.6239442167959603,0.19233236963947686,0.14838536349964004,0.2930805445914376
0.5796108992282839,0.8771549003711943,0.8677473900817306,0.45107607182485965,0.015366250734723308
0.9383404568210378,0.18123306616566015,0.0664962673667775,0.741120649290059,0.5744731131799119
0.8538223745462266,0.5988423755724687,0.2729188474043339,0.47545634616202403,0.40829339378921603
0.3876627233054065,0.14981097643260455,0.7579704586807576,0.5678008004393289,0.38668816824415575
0.41531500871993343,0.4170368120675194,0.9104763632241734,0.5384417819968107,0.35372766158560043
0.568649636179005,0.3408418550780681,0.7258743434952848,0.683499154466378,0.619094442193602
0.1555696243356378,0.493953473250499,0.16319045938663224,0.8759019264465465,0.9322392763511381
0.3790279739767074,0.5308916245180771,0.9758804705482135,0.5352684416285981,0.44774330654847905
0.34881088362434365,0.12473653144295849,0.47850503709894743,0.7873779693470139,0.875432407147698
0.012034815324227455,0.13062000954764363,0.16870697807449753,0.19787296804563392,0.7739310702144798
0.8299993935948246,0.17736677088639974,0.22031093446175232,0.31472824039581504,0.7881790325000575
0.2231825570527327,0.6476671966948354,0.10008089490347005,0.04187634959247577,0.8615676826591921
0.41085675244259956,0.7102954714653835,0.9091152752072929,0.8407154587084434,0.511104776339579
0.8486686756187097,0.16291610476529073,0.27088605502637475,0.043345619927325774,0.3644268113352511
0.770144694071288,0.7907812688042153,0.29332512441711567,0.8665874573715189,0.7226681359620728
0.07608937134957627,0.6036019202212376,0.931224759178898,0.8503627876578504,0.06767353665798337
0.28725769487706765,0.736794568710197,0.45341623062426806,0.989279945106385,0.05474498225959512
0.2354501456269431,0.9842612944157846,0.5422901390113669,0.6624157460811585,0.27882013624669666
0.9539757140805427,0.5930149592722859,0.6262567303206703,0.4337734016604722,0.34228271266632226
0.04192751696450803,0.6734998608184691,0.9689484917533214,0.6552612623007592,0.22437243111755578
0.7452184771961559,0.020478461124399328,0.6302381571061616,0.43657112330859105,0.4566289891511416
0.19695363020872136,0.41275832027739345,0.22777834161780142,0.5838582673080154,0.3714633393344715
0.8958121013985787,0.05778819701986415,0.14065333923366674,0.7166319367020314,0.43728164824461757
0.14451281280809647,0.2567199419133298,0.2564676909993211,0.5831153282934272,0.3414711324550287
0.09055839379895492,0.7105871649073474,0.3857147876028778,0.9127737679237703,0.5402550585739497
0.37416343334862856,0.7773612201288504,0.2196070431845888,0.806259261118711,0.6740199878163105
0.37822290550604687,0.2808606666790123,0.663317843674481,0.9808165824953037,0.6267150801038488
0.7612398317377076,0.0743024338048196,0.5782968587553706,0.310362871673195,0.50848824984072
0.47388287334423795,0.10806929528114373,0.12627588777512544,0.46323673573734114,0.7309650315859312
0.3745401188473625,0.9507143064099162,0.7319939418114051,0.5986584841970366,0.15601864044243652
0.2096609221117004,0.88467498495335,0.6162242516069529,0.42872514175148146,0.18233518357821954
0.2998005275652359,0.6464587416379305,0.9741944438163571,0.8470608269838995,0.023594964645529126
0.4813441516353236,0.019192276823056686,0.2598132087450342,0.760289823122135,0.13710970572899905
0.9160069226960857,0.18341485379341704,0.1735746218476245,0.47961547373387403,0.09219736823784097
0.31816133859157003,0.24904404198203478,0.314429865739676,0.32299219889847186,0.9553781936563274
0.6492427328379706,0.08170395960222876,0.13537859601110114,0.1556761255419754,0.6304217481689232
0.3851250709192222,0.0035489918647713115,0.6134262615212319,0.02977190740713198,0.5041484897283163
0.2768143077913058,0.9715326909010507,0.33134700710305076,0.48204105811208253,0.19609771273839294
0.8271867142453218,0.6705800508269354,0.8943898536984908,0.05717965453026652,0.5969639657164428
0.11950599220227809,0.3991819901873145,0.22393214444273724,0.22156151740454288,0.11898584399968082
0.047173824394361574,0.20501185753732387,0.4443912383212123,0.6771912172405029,0.7775619262108797
0.34354644996923855,0.9936643420078939,0.3362134940718481,0.25638374753266713,0.3539240898426266
0.5720161414842972,0.814980585209581,0.5377901623032847,0.8720538261066811,0.8016743548493777
0.07180754544546919,0.09427597789893605,0.5828693611920428,0.05166217582898969,0.3369268749640384
0.12758030279556376,0.28377590579872447,0.3630822963986351,0.6459172413316012,0.5707783046689119
0.07096463328553548,0.3317775090046472,0.4607422172611716,0.95548089478083,0.3134105862196249
0.0719067173164456,0.909005588835703,0.9577666581762225,0.07771241839172549,0.5323602348613149
0.3782559115526495,0.041947073064207197,0.7627543854747729,0.5731575117175184,0.8148759623433116
0.06956118348641471,0.5843376360811219,0.6075337912780502,0.06215192713256745,0.402311321174162
0.9873602045353342,0.8535658372113794,0.38796633338382425,0.9139165788960331,0.34263539162817114
0.5281071259750552,0.6201140121686253,0.40374079650148653,0.2886668276681662,0.8093173756255574
0.6009571949974972,0.03429790130331167,0.4975660833887259,0.1548426816202274,0.1829229259620847
0.5749548855528562,0.6806239284027364,0.3396453230720148,0.3619540716482289,0.31427009822092256
0.8213883629006943,0.8433261677878832,0.48509465997954015,0.33362839583686565,0.79155820259137
0.28928013372633876,0.6011022485492349,0.9964600144192844,0.0525090554855685,0.778443113293322
0.9728713248219055,0.08449010424482895,0.06850296310213089,0.5955042152861028,0.7227407677716214
0.19524060295649204,0.34534195224488784,0.3356104542698427,0.9785254683891406,0.8565372237479268
0.3054401323754071,0.6069999833450584,0.8031018708054342,0.13285583445875804,0.6521967422558731
0.30886520101215775,0.546309571379299,0.7026394640066841,0.9999248268331765,0.43529133149533195
0.45781365008462493,0.37579490228805723,0.577657996066007,0.43865868440710365,0.01734592685371794
0.7748097208422537,0.4433956658334408,0.027161301453653364,0.7101040945928313,0.8848296951456717
0.50081704309384,0.5165393253077428,0.03631473933573526,0.956526749577266,0.17423344088441794
0.7167977166993706,0.5949160209188715,0.3248241097485547,0.025371488042315593,0.7501502812985177
0.39462906990603197,0.3724689389121083,0.45573581400848473,0.17704144105990638,0.6340007674159881
0.4373507049632278,0.7558028792759367,0.16423400451627235,0.06455895015690571,0.8360291407276985
0.1304394545333465,0.7975655525345219,0.7098270749198761,0.527436084929228,0.51455309133378
0.4293542890509545,0.1933781783267302,0.8091399403164693,0.06223930712405967,0.8346527445002718
0.6170045556612569,0.4253998537813215,0.11188934298477349,0.7892093058948786,0.12829349247080513
0.13101455443361443,0.6989851081744856,0.4562400440533355,0.5311446325646638,0.146375938668157
0.13322970727684236,0.005359304625596084,0.28058468369349077,0.6050057197835423,0.7116807696613873
0.3669571127524548,0.09013486475412724,0.7861082977582377,0.3238697679038117,0.6677818990302073
0.43372370283142103,0.41209360963253916,0.03561215027284148,0.4979763025873932,0.5541697216110001
0.33689579177110685,0.18211791568869928,0.7896985071424791,0.6587077755008761,0.498195716453139
0.05012643232081615,0.1965433955358904,0.21064154235479438,0.9929628003132313,0.5707750179663036
0.19138267875923765,0.8705989927350352,0.1462505616306441,0.8411744345678971,0.27727772746766355
0.5030294807967006,0.4562430258462945,0.4102050052835323,0.835588608892925,0.38064614669745733
0.969723632797977,0.43123386979155787,0.3475187953137546,0.05034952696935324,0.05276525785960262
0.3099648819527431,0.5354528826140516,0.9955822649554675,0.44406355134423625,0.5512715406997556
0.7884862444624352,0.6465335523971512,0.028644647969655934,0.9487576675528424,0.8609195781966871
0.6467749610819326,0.9927870182635864,0.6225908979425233,0.03577469071400785,0.01729397576708258
0.9296974986654456,0.7405941994761869,0.28460721182704196,0.3788815694019554,0.19942885830395674
0.011238982665376929,0.2271954146877032,0.33271158193237393,0.031567496409881324,0.6079041242971477
0.23194709611597542,0.39090599590551467,0.594476335186173,0.4967668588591694,0.9877855202148873
0.22205261817460242,0.9956754337623562,0.7721263550540357,0.24966147414934092,0.0674450481772606
0.3272211831614539,0.24219589201314218,0.16905774913370575,0.7748584021819559,0.12970625799002689
0.9778959877861265,0.43442013811832947,0.15044855077321628,0.4659667481861367,0.6790371654224399
0.6058353969144674,0.506042355034503,0.69314547559554,0.20780173315328432,0.6785407423505577
0.09731182719133791,0.14059517570820057,0.7892800423195212,0.2290982314442329,0.5690376161324339
0.13945023620516017,0.5692064631294277,0.8679796267309029,0.583105757279898,0.7180141781270015
0.21414066091594874,0.09627054291877957,0.0970977015590625,0.9457774131399048,0.9360829345150524
0.40508411672274003,0.09603681188138458,0.9531796167925917,0.8686774712102882,0.06560234690746336
0.4056452594472375,0.1691618938424202,0.9774565631838426,0.8533171866665861,0.4983330282942372
0.026366974497252005,0.3764633668780496,0.8105533307818329,0.9872761293149445,0.15041689110352818
0.367816251081036,0.5057778750460619,0.6207578417833939,0.8935998186820111,0.19229266782728072
0.09093544991304114,0.9232237469852286,0.6892793212258371,0.1271026137707404,0.35672316930890635
0.9694393756758783,0.6932095422188678,0.07091619143856953,0.18936087579186278,0.77132314321685
0.2727864706808315,0.25646279180623477,0.25123138181446214,0.6161456264079193,0.8149993898456
0.6917776391419823,0.6742935737000246,0.9799554473582784,0.9856007339528003,0.6866786117241295
0.6866488480670339,0.42957335103791394,0.6271306305813871,0.8235756913129509,0.34082202218634516
0.5683191510779255,0.4395077804475518,0.06724063405203662,0.464689468445165,0.8207358408157303
0.7395811772217427,0.21096989061995042,0.841622007542774,0.030353805533004263,0.8438128636583061
0.5820435784805732,0.9629974874589062,0.7955644613917894,0.7007918009092609,0.06025729087173359
0.7719931957400133,0.051420752484294674,0.7992124816830136,0.5239594298099424,0.44941558818658256
0.8428148535845117,0.8022743230447615,0.6709945780083552,0.19610065239661612,0.4802835388892712
0.8872117227318536,0.8863628596783218,0.5412979336087088,0.12237876617560794,0.6718057946136212
0.887427954498092,0.21734887957081284,0.10729094649194715,0.6153629700913683,0.8222758915234324
0.6077393257196226,0.03763708975192814,0.31679250210002097,0.47265761909269244,0.07427915079755643
0.8092418168001502,0.3258404669979754,0.7051322156582887,0.43439619607341473,0.8185224817818687
0.9621859094918002,0.9014858511007491,0.27038323531065633,0.8035417768264277,0.995604201803506
0.49310884824824464,0.7820981470876015,0.6946824174353046,0.9879523682065647,0.5103125834120398
0.4532846463376582,0.24717696901060615,0.2589821774319667,0.8755763666677143,0.5151376734611006
0.19253481772377334,0.5900124682736959,0.7410857977382197,0.3191395155341933,0.10470515686242154
0.04795773243698764,0.7754095145924946,0.5706831750719786,0.760704806043895,0.14986279888655163
0.12203823484477883,0.4951769101112702,0.034388521115218396,0.9093204020787821,0.2587799816000169
0.6232136782009433,0.8018799519550008,0.06960783372315926,0.618892231138475,0.035735455880224753
0.7719593096607621,0.3773546148602057,0.1603636955093174,0.8000489168284239,0.3326906813312108
0.12032665739753501,0.293746801625561,0.9783402327965833,0.4373630628517775,0.47183946384486086
0.45742797983555683,0.4608247638987314,0.7652298312265036,0.502291647892029,0.463081588323241
0.32377557926526945,0.8499393107557464,0.7077891569099033,0.8692584708267963,0.04642712240606006
0.9195310246560497,0.993255015422964,0.044911298995615856,0.761007923495392,0.37172406640234323
0.6499997025236955,0.6692164226475942,0.1576733120795013,0.45330444426883887,0.40079094498449364
0.07424685933054576,0.1037747086347407,0.8129284053939371,0.0388736970166893,0.6589427939347428
0.5803093996962564,0.3792432972173432,0.5437404086999197,0.47053519356738727,0.048148925025684686
0.2178165192852075,0.8927063140950847,0.6678145728199314,0.8644056243418639,0.956481097231227
0.2731596203699451,0.20951922431253212,0.45532874980860216,0.9084375478722649,0.10448031675395808
0.1844193267940072,0.4832145218729037,0.1884831544985418,0.7038552456488844,0.08042912006634251
0.13588154722685541,0.8781171606848543,0.6006905988084481,0.6210555545150412,0.8286517942575451
0.3234673347304966,0.35152804159688034,0.06331924697232094,0.9859616844014174,0.031534628131224096
0.14398498121480863,0.724403000317891,0.041973568276237105,0.48523896903031427,0.7963552267931819
0.8546738702503017,0.07849242446690641,0.7197872624682846,0.3475799043575002,0.9948498070617926
0.28959018442373363,0.5731930965946492,0.8462231962261486,0.9346284061686524,0.26892902600780555
0.3753213457730138,0.6267533485423312,0.14609656554132022,0.8230035744469347,0.23503129881191864
0.8531828692061507,0.3768148612724139,0.34506386618330276,0.8310154030534632,0.23760153386718452
0.9610516499008203,0.6930685022684089,0.15170464208701162,0.9691344316764007,0.3654073432496331
0.6433088027296295,0.3479086734872445,0.16961519447837847,0.22455160164268984,0.006322089542650122
0.2001540835688227,0.7611660111412718,0.012328685538640416,0.9685277391470993,0.19062890106321517
0.07573283745947557,0.7152429571211358,0.7356887486702045,0.9969108892977727,0.7688552706898137
0.48977125735292903,0.20497143176360022,0.3480100518442455,0.4063940741713006,0.9445690748410104
0.9758044202094448,0.5441292294041848,0.41679051174272586,0.8603430611601265,0.9697283437599901
0.8964322885091256,0.9798350226329011,0.9545088072716379,0.852028139827274,0.8468879076509752
0.14660830036000316,0.15966634936715074,0.7900832499714378,0.6162907483541447,0.04486055762771701
0.2435939560572128,0.45246652876881466,0.6679693671744308,0.8770745816606188,0.16528900308527805
0.9359723751517351,0.35156241761085916,0.9862547502177453,0.3046976135731849,0.10890703532403212
0.12384602670581746,0.07053563759295656,0.9094295036858765,0.19012876631870568,0.8212501545597043
0.04377302796301352,0.12692699942039154,0.8633529389667488,0.8461467657949957,0.3477761050469822
0.3410663510502585,0.11347352124058907,0.9246936182785628,0.877339353380981,0.2579416277151556
0.8383519723005607,0.8928866727146555,0.2848927142552863,0.6864291672657648,0.0778142061525634
0.353703958097478,0.5942471489736227,0.6454926923614376,0.7066834077586723,0.8223381345070713
0.24764611704565553,0.18499969750197942,0.23036766342481607,0.26356388918551743,0.2301834913340015
0.3420734567548015,0.6288734702801819,0.012083745514428812,0.7111269215469441,0.6030682627528046
0.7192090877570364,0.645351852782894,0.11918071923236329,0.3043445251618183,0.7335646449632153
0.16522978097836394,0.11212971768177415,0.8594152267044165,0.36318122595192803,0.21859937811150854
0.06033325515842314,0.24960895187981091,0.3762097623797209,0.18337715458816628,0.5452920975063491
0.36685600045750577,0.44592095173537705,0.9353690161355955,0.6591854723058224,0.8752775627958908
0.8384972179114751,0.7019178934652667,0.3299756284276918,0.8306661148234412,0.4873425308531789
0.9407845205031079,0.5069204379618346,0.40941207181701833,0.8108785810079184,0.835825927910516
0.47599536922301067,0.7460777604290668,0.1649768789779572,0.23909103898338824,0.24252446949666673
0.17895044029717733,0.6572131996684671,0.9944301792002705,0.6521083405159366,0.6066815461912912
0.029028972204714787,0.5733440436228507,0.32466627907243895,0.9844620049479493,0.10445345471538292
0.16213194527517016,0.5768197875912522,0.9113945368072839,0.8426226174758201,0.5868099726353311
0.0260295498171349,0.23704150891868003,0.7741904917143247,0.24003841876414977,0.7291032835948762
0.7980155187044523,0.3644598479396435,0.15989736029393808,0.4041161815461599,0.5553115572870575
0.039418378296590784,0.7339856873683006,0.27466641773699496,0.9201943551338169,0.2805572416618366
0.597224402750011,0.4769559177576129,0.3113380560956618,0.003360855181929301,0.7644852708609559
0.820461290158315,0.8539484630145436,0.17219426742575428,0.2709632078712195,0.28562659968357706
0.8942088768410802,0.4811076724393146,0.7733012088169706,0.9092270384789499,0.18939965360620747
0.02958418363801385,0.6276418014401731,0.3951007530147893,0.009725875131194384,0.6738893989463809
0.507784186951121,0.4958400311040241,0.9304234931787778,0.8899658687466815,0.7858004651879744
0.08877326695623267,0.8649949762077763,0.32061990655022676,0.17833151242821632,0.23936983634204634
0.8694591165378875,0.07227201225523694,0.8758857213669513,0.5242859833747512,0.40826677392642585
0.940746723077666,0.7504943844950965,0.001243438866102009,0.7656132840221652,0.7397949926578588
0.5967983181334544,0.38269972210203607,0.01031734930352135,0.026104126567127017,0.05425636548157642
0.18518343810114368,0.9088140432263141,0.4110244006653927,0.8499628782918436,0.24923654452881672
0.5355538148796726,0.3568859751711102,0.353789158736436,0.8285555979060814,0.7892928483196856
0.7224521152615053,0.2807723624408558,0.02431596643145384,0.6454722959071678,0.17711067940704894
0.5655389146196601,0.6373048264283244,0.7394179136658656,0.1810503604721475,0.9590070867644345
0.791640072183063,0.47570407818905625,0.5366232797354938,0.7711360481708222,0.6612653062650915
0.8546075627333712,0.4713681101729975,0.868628170510361,0.2915767695757653,0.12881307376298812
0.24237645964925603,0.37675934332615024,0.5406432479523504,0.23056688223908095,0.22756266117868573
0.5873835952686471,0.3107616953724214,0.9991495667786588,0.7488391884618512,0.6143816397567536
0.4912676284900007,0.3034842085515608,0.5590612877652517,0.6694985765506946,0.026693158586854282
0.5556826845081922,0.3790854957254737,0.5458607058980929,0.08076643251753945,0.7837940933437314
0.026244486992232696,0.1057364308361799,0.7420794122839406,0.34401865015388944,0.027418915401902222
0.057099078445176366,0.11054316630858052,0.2193893891962463,0.4643502498821417,0.4332509323090279
0.5877688676632958,0.9619429670527364,0.10357855147079431,0.12157302016074278,0.701758985278943
0.6337578972291662,0.31255441720335453,0.8358578538080287,0.04057609931887807,0.6914597466959168
0.9962420986170206,0.7365572029698445,0.08745015650275367,0.020249379790092115,0.7192878001522802
0.22359146111234374,0.9577252764451044,0.362024526857741,0.04643110467233913,0.9703266726373028
0.9524512631463853,0.024875882014605444,0.37683556101616567,0.8957988575088416,0.2746368798169829
0.2726135615193297,0.9075659593363495,0.9039290528460883,0.9236760450107129,0.49615343928419375
0.2583004291275922,0.8670116069106004,0.6692682917508349,0.4480854872830765,0.48790019527930184
0.495869613082618,0.4237250401184556,0.04816796835148307,0.5990150821328838,0.6028689360667185
0.4824754444178325,0.4592373913640909,0.9739407666667818,0.04550423779029611,0.9509681864523993
0.04283732118899841,0.6757909636279851,0.41469015416578636,0.12409687610968234,0.4199075476984676
0.7910857215280299,0.3549178403647072,0.9541380793838092,0.8507306845860373,0.2946182996849034
0.19341859914354997,0.12393988391284738,0.6341624843214183,0.8046235556954314,0.9637230972241315
0.15987976336644139,0.6912466637859893,0.1675665393045065,0.31030848210454753,0.503345130606154
0.7182329380808706,0.6777501630013216,0.5661500846170284,0.9958162186058676,0.21731584963688655
0.010284495935692028,0.7160499732421445,0.7062461625552622,0.6226895409497974,0.9901088460868658
0.839992444825268,0.7187216420262343,0.5002562093739751,0.2732068882307288,0.877215753935406
0.32461724231147737,0.18277390266349636,0.895866939157868,0.7444883899492662,0.10564284887024189
0.5974078919815823,0.007086467447382394,0.034129904071177886,0.14748453080470847,0.18757315781875672
0.06509741377564349,0.2201989171728025,0.3434888649381347,0.02882735517249313,0.3149625462106139
0.7271028277136562,0.015273838062884737,0.22669022666851335,0.9718227002619613,0.8086042521738348
0.6295503662567378,0.3519910622576543,0.42541199059181856,0.4258797409440582,0.9365196216642128
0.45776461270413416,0.7595201487169441,0.2059881841884732,0.7092961271407681,0.021149823349416286
0.9206138979503482,0.9150999076078628,0.39206805305237247,0.4342917694302971,0.7024971168239118
0.9298664839649694,0.6642497838951816,0.007754278173163542,0.104411214753941,0.8579425317744162
0.4037330041049302,0.862380384524274,0.1810628991159644,0.5442367576104175,0.9505503719437564
0.20482124707585447,0.30142491179855846,0.2008707356916577,0.7742605684324513,0.7125779432472608
0.9249007018615434,0.5017396577070338,0.22037518247587895,0.39126467747048144,0.6141915464162311
0.4777131531781309,0.18113500960839213,0.27089522357585305,0.41896844764114716,0.364594589325583
0.6618292896781035,0.06878065769765895,0.3620558501724914,0.9353822607327862,0.8625892413413637
0.1722176760603904,0.33554553763946293,0.6788139690442135,0.49939331691682676,0.9329092598292177
0.6964701507072828,0.9766654321874082,0.20678261961615396,0.2430361403739374,0.33730257686439646
0.8022432179898482,0.2434309250098028,0.32479506541193337,0.3529587274593391,0.9127384734310597
0.1288052031407083,0.8359972418449356,0.42229213168380264,0.7190632927893217,0.42948274908113093
0.15262130785023031,0.4195990921766397,0.6139576525680112,0.008200374806721644,0.719322819311142
0.345607300637241,0.31025000146706005,0.8554270806574897,0.7691361206718442,0.5234487524087015
0.40147798260895884,0.8234784494207097,0.24990944935006043,0.14006850732926157,0.31587826640261096
0.671779270254866,0.3943411463506643,0.0012844255268014138,0.12015925873562194,0.5345545447560391
0.4522627625236084,0.12860035622519184,0.8801721806407565,0.42839534892565867,0.07400457569950247
0.7041461366451189,0.02648007805304331,0.7293775778747036,0.38585020920403545,0.6113077653925896
0.15550155172858315,0.10686992770778903,0.15362038137092215,0.0619202432164091,0.25131874025834433
0.7801222730609881,0.9230302398747136,0.9636515150788472,0.00932550597489068,0.9581541649544166
0.967812136991523,0.8471574570031077,0.3097585632586206,0.19621565117029527,0.5481200649818184
0.5906378339946378,0.6610142542473203,0.07845581631712395,0.5444969591038651,0.7093208284726096
0.7078920306979332,0.18263897570179843,0.11624575268993798,0.8383990884866921,0.776598482196688
0.3052807130311693,0.6746126264918758,0.9135586941902435,0.49877924798951845,0.41441283078865276
0.306665587609927,0.25003763828293546,0.18249861419761482,0.7828793161887624,0.22219993709364605
0.37783921372718665,0.06203676362878152,0.33930526730956745,0.5059316543195584,0.1619230066322137
0.3046791390980408,0.08091928305125218,0.40298017876516146,0.17352451498650867,0.6949510889024617
0.8215289843235476,0.5905977939047687,0.5188942350349434,0.012229179023558912,0.7808640563844151
0.411291608886194,0.972018173151445,0.18477263113925457,0.40879467300808103,0.6397763240437412
0.63949267500548,0.04262180973296692,0.379101906166488,0.807663815694622,0.29521619569283475
0.32457865916527917,0.18288765089655268,0.14316470777757917,0.9450791978078319,0.9868106817987558
0.8444732675138475,0.7293207478326243,0.8317211254931858,0.21150658797736244,0.6402192043670052
0.7385570406335566,0.2939165968905657,0.5747032039194878,0.4155599944371422,0.11776399227661849
0.03541897328086374,0.7459169379985563,0.6427460346336129,0.2495218575861523,0.5073185006796489
0.6495511839914658,0.7463435099107117,0.6767939100230562,0.9246564576191528,0.14567880871805416
0.8429280125432879,0.01987559586177845,0.23359977074122484,0.9452323248695834,0.38525413593277524
0.8714605901877177,0.8036720768991145,0.18657005888603584,0.8925589984899778,0.5393422419156507
0.07924960612992882,0.19148961490811944,0.3862363952990896,0.4848587397161036,0.35499511581394183
0.5718287711826909,0.25364247434137555,0.22806181690001992,0.011526014052985256,0.1303407235690719
0.1802901306156406,0.7241359788326331,0.8122395386087472,0.6791288313348619,0.6069222802265404
0.8376118333340594,0.774471262542493,0.7270559658653337,0.8971278571356976,0.7528350841427777
0.149351920147768,0.13553450903434294,0.12209505553411792,0.3593106090541236,0.4894126641919797
0.2024805601652374,0.9580734801193802,0.3679407513020845,0.3269316163380791,0.14888805033244468
0.7607285470555802,0.6611663092677765,0.49688874830258223,0.0021737837815875016,0.6134676005520838
0.10417807250800692,0.1356166185430162,0.8135488124382674,0.9291901365293302,0.19947568511065672
0.0923949131917593,0.03143015765021795,0.4521331583398973,0.9430401144914944,0.9172493208191352
0.8626751629457258,0.4433203207726987,0.5858630505279215,0.9760783324725189,0.5323043638481663
0.016592480632597884,0.6617186826439566,0.6024494419665878,0.1630191138148862,0.2338128330930641
0.34372472382816044,0.7697334025740443,0.12960874095416475,0.5711367094613602,0.2754529722464739
0.909077276430474,0.34959326356310194,0.4105483509979223,0.5260005430489195,0.796400665632112
0.8157515874571148,0.061403019295356076,0.24706664542420886,0.8755478724654308,0.8989910560520938
0.9989337371045391,0.7740043021554399,0.4843263024935066,0.010173818067478968,0.6974880565979574
0.9460062242626168,0.12057177672233921,0.02804846161925667,0.10988316441110502,0.9142956348526271
0.8652622291318056,0.07416994878416205,0.3747217101923378,0.3354434065002363,0.9931570382255354
0.9160839855813753,0.5753143565053058,0.13504799872780338,0.5475096478124564,0.1809731153658678
0.19280190266645925,0.6273755044353622,0.9794198731378522,0.46440290632064596,0.8174982565256667
0.43565046158507426,0.8821188334824924,0.196995449026778,0.3594244293163037,0.5653094518706133
0.23461719243031087,0.1107295110395159,0.9490805599945391,0.6224701163516194,0.06002594943566586
0.08421301117709834,0.9845758963761131,0.6664073046949189,0.2854040684634225,0.5858083942152443
0.7002100149902226,0.8255644893453816,0.4069710304280071,0.6869219076574815,0.3032014713842828
0.7564393706335736,0.6824495863507913,0.4053247076766373,0.5552030889142896,0.2532708956674702
0.8019203922559827,0.915076765278806,0.75659393401413,0.8224223100162773,0.21649056726611737
0.364194701291884,0.5006666402227188,0.905142149645767,0.6315781094790865,0.39814928393433024
0.09351306643176582,0.5532591871619299,0.6955312485118323,0.2763808211062686,0.569897039170302
0.1823292298165724,0.6136063380493689,0.23628770803952126,0.10554913671295041,0.05017417206592911
0.317112923296334,0.8324923798965135,0.47223254276651017,0.5035747634376183,0.22926542965380758
0.28319600580755067,0.570848430939669,0.059536065534150584,0.960044841168289,0.10992497329916862
0.6972780938199737,0.18855910220032734,0.09110487937526301,0.09661506853966184,0.768393493225718
0.1623739313607313,0.4740026812147766,0.040198978498492965,0.354551672888462,0.73097884336962
0.6809995141600522,0.45710299264249343,0.5077539846326035,0.26713884549346034,0.07431591383591762
0.6315443786761603,0.5429404444893278,0.1293806169667009,0.37582121900794097,0.09914611227762393
0.1677088851718712,0.44624136170183304,0.34273512571739195,0.8605971773696057,0.7949032126282893
0.9972975107374645,0.40209226524138253,0.8638883913350103,0.5491776921290614,0.666583079333733
0.9566005677673076,0.39127685540694557,0.4201345541831004,0.9689017171140379,0.6946076116267283
0.24792357594204217,0.029196455515993036,0.7161149273798656,0.3067263763500697,0.6981080539383803
0.550734682657885,0.8722673836031546,0.4305336062339602,0.4368142585766849,0.37934715672628927
0.913510315408257,0.07355260386480389,0.6997942820974716,0.7301610048433117,0.8437150506305396
0.6993788657332212,0.735115824840396,0.2904109221422465,0.303478698013819,0.7829846495760292
0.034852383378130236,0.9609742145155739,0.5625918487439486,0.5633631129946286,0.9435553162303798
0.43285110679567096,0.19767093687426895,0.5484835857491245,0.1160534593845689,0.02310685278748026
0.26518087513032285,0.8352455477380024,0.3270915060016386,0.4880601562696629,0.9411403351458403
0.23584299894327532,0.02425293604325507,0.3972706518419893,0.4826070805923389,0.1692302309001269
0.03926941424165231,0.27199860534435605,0.006379043406590679,0.9783547870568566,0.9657472098197475
0.5111136384895005,0.6043129822403198,0.4608983382065819,0.8287089838180064,0.8295627156830498
0.843069272725063,0.08855425197191036,0.025097355496998097,0.2350594300419223,0.3330445409266838
0.9523013846011067,0.7929936513925113,0.5787006476922424,0.6468056603490969,0.9305620270355727
0.29238682231425195,0.16871045675694862,0.5797072390978936,0.37351149075462886,0.46223417284844603
0.6415971060523467,0.849302090471716,0.12661709653076936,0.5847749786665273,0.3939219086946718
0.6522811128184463,0.4051971425753297,0.5960435954776472,0.10745055262890812,0.016912799921607324
0.14639918208612834,0.04434327386286008,0.03463281806369156,0.2673842524359683,0.19013229051630165
0.27640165633622915,0.8725684612518537,0.6882501650723424,0.3457642178215381,0.4274896501846589
0.0056882235293770345,0.13740987023399187,0.43922947716918836,0.14653655078907335,0.9016634146767579
0.516676392605342,0.991874544682311,0.054621536489038225,0.4910448217723773,0.09141654911451769
0.9453821372024561,0.5708702567066337,0.21416034393317118,0.8178124638822623,0.8799182473267118
0.1855259752577192,0.651679794878427,0.7126014072983932,0.6880305189519813,0.31931688002137404
0.1722183222070327,0.7622307896421693,0.9901097837349171,0.7777915804196904,0.2959369676715412
0.044332250802281425,0.2210658650472167,0.4556836665013164,0.33100433598318146,0.7126210793483219
0.16873675569736868,0.17910754528902406,0.447070317932015,0.04141871205337444,0.4775215777425167
0.4547398556338591,0.5155960285792502,0.4888465802569202,0.6668642575461043,0.1396512547563129
0.9797343347738597,0.2682760204535567,0.04097822224989045,0.7050632842053791,0.4509865026483437
0.3261991798961903,0.32340795220797103,0.5641405868868683,0.35674271769313526,0.910416047983988
0.07755900252654213,0.6307785372626386,0.009950909049507684,0.8017704911697158,0.06685275356609877
0.465821989297698,0.31526163603592816,0.3567417890459099,0.4057577813229325,0.9517963443713384
0.27308145032131836,0.3026222850818887,0.6123133848469222,0.4383327756143538,0.7267348363533426
0.5555974529099683,0.11106658659358248,0.7765582846760325,0.7581265321995548,0.3075615916806196
0.8290060576393794,0.43983973093138884,0.7532553919534275,0.5812252638799956,0.37477529641349305
0.25625492388907256,0.38019499797517753,0.871271850950117,0.6631478293998225,0.34171187934168834
0.8203933529989882,0.13602642487760275,0.7058268952821101,0.9198410239886763,0.5763706098555442
0.4825964382791672,0.9137171438486718,0.7904682609600729,0.3666173031084857,0.06477136048283672
0.7716269109786077,0.4988956645359419,0.012103116776107425,0.009038469079292177,0.3570293439700122
0.9309486955069778,0.6895267510315611,0.6765133857772465,0.21567515239771717,0.6588854702326572
0.09595852986317432,0.9936980301271583,0.75265400121128,0.43769403822471176,0.6181685496662913
0.18530579600981067,0.04979042292160396,0.8248968072087993,0.3254003827236257,0.10852240356009701
0.8486988152297419,0.41820494161511734,0.13680198070314198,0.8483823039886564,0.9696203411914286
0.41462412372702373,0.08534966807864386,0.9968742518459474,0.5021950103312426,0.5953850173200438
0.6503256863469369,0.19954245092914513,0.6802282424312913,0.07219840897917584,0.030652502205806065
0.7377207361681893,0.1577076447119513,0.27165131954919386,0.23200620128180716,0.3990512186711541
0.42589686413556693,0.002220322010195508,0.4990178338289586,0.6193003637474503,0.7760882474480342
0.3844287330673829,0.6481179230208346,0.9082886234873289,0.41668038043143796,0.31441002637379534
0.5243542594203608,0.7401277102277272,0.24201098874647742,0.10354016192273752,0.17562276641855612
0.09571455552016173,0.023638586046336396,0.641971500443266,0.6070940360887808,0.54669741271407
0.17059866942746005,0.3916208974317593,0.19195715143476588,0.702614409594139,0.6783261797532577
0.17460555047005122,0.6331172449563899,0.0827447627040645,0.6883128325456186,0.09483978338390275
0.34879058853202094,0.7581384615092877,0.03373010745771898,0.5511646014736526,0.9695265606398866
0.6385259476640855,0.3975943979627943,0.27421520234867003,0.9839776479598282,0.409334006315043
0.26899340443509767,0.7975591006371882,0.31036195892357377,0.4552201490818012,0.011620539908100636
0.7103515007123322,0.11250313052663174,0.7359204063739488,0.27509888155912443,0.6391078469947064
0.431043415211835,0.6136608074093272,0.4502986262437467,0.3218796508861206,0.07731879285780763
0.542033345097202,0.9190382770286711,0.8999095433546718,0.448160873369002,0.27441263163568175
0.2944488920695857,0.38509772860192526,0.8511366715168569,0.31692200515627766,0.1694927466860925
0.19987297464944365,0.23185961388284837,0.7979431892533,0.5631265938920469,0.0057706612929679935
0.7773929187047831,0.46915578057097707,0.05587074009237292,0.0450201494571042,0.1578922611080581
0.4882099782764918,0.4506234145701252,0.33149227325488284,0.9576564743886975,0.8225837321614322
0.6806363924467327,0.41366577672736904,0.647197172294114,0.2575524383453959,0.4347421137695533
0.6174363798900692,0.6074818174490111,0.21337190735486222,0.47442319428879864,0.8633061669779479
0.059587097353143714,0.6043593197147711,0.7636922693503205,0.5234013709220082,0.2267726253196457
0.35000686847317874,0.9283725519807918,0.06562608817781757,0.5494118320609646,0.5908662673951145
0.6641823194356371,0.5421270483633454,0.7462608677977721,0.03587729637997972,0.9575134874453062
0.9648739456795062,0.0277422267726386,0.7160332349413275,0.22149485232884047,0.7013927662860725
0.495537774744111,0.3885194403786828,0.9506279269841331,0.3710083870647908,0.16697272604718938
0.756618618187806,0.9279475222441557,0.4914558254465786,0.8327337857825113,0.7319445357122386
0.2464779095767362,0.009005664264475244,0.23547141701087715,0.1377283015171411,0.6121662207231456
0.0847636602245635,0.26323100506527664,0.4418924919666505,0.6420532476558896,0.500831266286602
0.8686231679556108,0.7765968527917417,0.770921844644052,0.8447832281168877,0.7610239909429989
0.19798358944955796,0.33549672033092837,0.7958904332331344,0.1824973548428639,0.34664037398422465
0.7408832067219855,0.6618603122150055,0.3555297971520076,0.8088585390335653,0.294701369885528
0.650806243362988,0.9614359759001141,0.19282381726334674,0.9093028311161545,0.6060479492740166
0.4353893961280134,0.4018987079559666,0.5757193053312043,0.583386232327748,0.7499869843799752
0.6145410182213155,0.8321624537291183,0.4940116705993056,0.11846170509448184,0.01363984583588107
0.6742196324473969,0.22149354885964,0.03479919986835012,0.4092495737853973,0.2891931519658697
0.20008861088244623,0.2671853891171916,0.8687498165405088,0.7700044132524325,0.0018443169182416064
0.006796284746514281,0.4136781134268045,0.7339878340943856,0.8285592988743544,0.06228594868309778
0.8869877578719892,0.2003493638486028,0.24607860495221678,0.9528876128848597,0.1352353754948079
0.4068641075392998,0.26197556427851754,0.9794507631128238,0.7972395750228002,0.3017792231362765
0.04770834145387204,0.14760681915758866,0.34886209677027313,0.8299180309869587,0.8926561953354805
0.4450761419929553,0.26459945414971686,0.8938070253874942,0.09605226358380392,0.4114427666804108
0.37529807537312,0.7172991516875343,0.3952884610696098,0.23259359897575904,0.3429026435508816
0.0606681403781838,0.07443689615309823,0.5606825264240842,0.35866461434959085,0.09669751374705593
0.1689929248783747,0.7048023448408608,0.7414337195769799,0.8868802851210407,0.22283925524193493
0.7369453087362632,0.6223414632920018,0.45772953271215433,0.7098036431116866,0.9930713444694486
0.5932215701073843,0.8923024981396522,0.18533017952871444,0.07896916219082861,0.2395101699095381
0.1946133106754928,0.5857958722883059,0.44742157231571866,0.5716038505776799,0.1334435294229962
0.29897048767168255,0.33529656568366706,0.03860789359694139,0.2847406454125949,0.17294639380720211
0.5479365161617328,0.607893928983293,0.6183054963630913,0.5001973458645037,0.49377392056865577
0.573499584935216,0.853629928527957,0.24192772811923657,0.8762923485239374,0.019043409274291823
0.7039788648679768,0.7292798338411035,0.834471442969435,0.4855405998669826,0.9686587973345098
0.4731732580213538,0.8573901695871814,0.9272714445333184,0.0923940289370857,0.09581157965679699
0.6501635325176437,0.19964801918133412,0.5833204782437709,0.6774346844463005,0.9972350715875868
0.7422010091211325,0.5097355100039371,0.4224457900308791,0.39808717823623085,0.026446902597667465
0.03139962981274114,0.37092342510906495,0.17264064078029118,0.25221839326837203,0.877598373161419
0.5661806912250709,0.31277798921035405,0.6543420054927197,0.23201818030881072,0.014381446072085025
0.2596754555889492,0.6109517694362774,0.04083354535306338,0.9694585668207076,0.9186731725779644
0.19093678435076555,0.6607289701491743,0.24284430300044768,0.9387716110143898,0.010906995317794821
0.39701504123719167,0.08709276679577149,0.6170665161178013,0.11383839347660141,0.3452231428016921
0.3824350849805105,0.9136400867900556,0.23415733074387557,0.5776109045737502,0.36098152903385916
0.5184542950722543,0.401281487467239,0.9054964322508418,0.09334452447706143,0.4731227829022564
0.4483363414581806,0.36484106123827353,0.9829052328596898,0.8349408032137124,0.47968675462048604
0.5781378845993937,0.9614773046181858,0.304934165215452,0.42150459384606576,0.39604136796612965
0.6924361513243696,0.9912559937021883,0.12839428945412523,0.10410964938416634,0.7243388171287412
0.6434289495173308,0.19718298196806627,0.0976100381089916,0.16684857820557764,0.9237313958767761
0.14799352443040892,0.5255051431507941,0.8575587063627029,0.31851857658528415,0.42511689891179716
0.12646424540357115,0.8425545014651813,0.36218160279415157,0.6604697213644312,0.47081641936589813
0.26945976854857867,0.11800589504250591,0.5971423487908388,0.08922699901396292,0.7660080638040772
0.9463786533583709,0.41499775837075425,0.32694210025469495,0.6066893231978858,0.9304486005450311
0.0669642352899088,0.7878425762484773,0.6759107318023446,0.4117982246066033,0.8962276351710566
0.6888853020500907,0.8733229158608077,0.6362913539792481,0.761121537043158,0.160071634954573
0.45830064152865646,0.484696287130047,0.16577454016327575,0.9456981470002823,0.8499753714806619
0.7882752081708296,0.25903514410334716,0.708676719965507,0.2148546064249981,0.04033016105151299
0.8369034453166548,0.66504811238256,0.2668037820922513,0.1170414826884435,0.016058822680113716
0.2804632242046524,0.7311029830035621,0.2421834455937677,0.17170998897368817,0.5298338889620703
0.010238002575995386,0.28533849517467125,0.18909152050378042,0.1669863529424923,0.7284766841211328
0.2716720549512216,0.8821056905590439,0.8557344041799902,0.0638555742660517,0.28926800803068486
0.9740641242251491,0.8194135045399954,0.07341882408462808,0.4491763961563344,0.6350190700718746
0.04320286435217402,0.46927184636292907,0.7530834596732057,0.7899727113656114,0.49898946659657295
0.9926829520836598,0.4067668959916402,0.8986872272774067,0.17056935688526442,0.42536087134084966
0.15352330432735573,0.8003238271536735,0.8601644372037783,0.9822658292862256,0.11571482834367519
0.13256753886265815,0.19708564648503235,0.14179104142905008,0.6932955822197459,0.528598412166966
0.7777227470057301,0.8273830151873094,0.1656423098675096,0.5366930697557386,0.08367436213987012
0.04902948617458236,0.2850010200860553,0.8464040844196341,0.6525009014377374,0.44582093197232686
0.8126930433757824,0.13260399074681106,0.23339626945812697,0.4533706056041573,0.5171208881133305
0.8182120013704631,0.005652104841184724,0.9919970090148511,0.18289377232919923,0.4702489856599762
0.04689336668762567,0.9076121183934155,0.07995384110163928,0.5027079041588388,0.5130691527190647
0.9713950940416396,0.18097695270948977,0.8543850933695791,0.4922778564480348,0.24723107440317704
0.152652980000607,0.8305833251144513,0.35544946358047846,0.2815538627281957,0.840888976711485
0.40887056095356467,0.9024124985790504,0.2957090956049928,0.009219594210902682,0.19674052243235995
0.947562639960059,0.8242547219650078,0.9722146509462699,0.17957876061053302,0.21351849044336424
0.42784057062705294,0.330632954859542,0.09031856029907304,0.5626541196713092,0.47904072567461364
0.5029292143709562,0.4746802908250788,0.30197213774184606,0.539872241852703,0.2483908544353156
0.3039236836132664,0.8603533475036956,0.19854020282789397,0.00346845924349537,0.8708273102516345
0.12799192440648655,0.019835024632215648,0.6385768201156948,0.8733152288693673,0.1762985066483953
0.45257004528301914,0.5232927556099016,0.8577011220526667,0.7162005298520636,0.9903906405290797
0.4275274273629103,0.43244674281455153,0.08070082135709544,0.7741721452899953,0.25310152442610745
0.28891431580381177,0.627439007682151,0.5661859843173752,0.6121498216133903,0.5492512713778943
0.9855242537823558,0.42814114267227443,0.4142963635938971,0.46310326448097616,0.11615377906616131
0.7238027766305233,0.9054686921374157,0.7955802497943266,0.5838332726254226,0.6713035130935163
0.9061375875672343,0.04016781395058122,0.39751575154123553,0.9478050183624682,0.24965009275830274
0.4089009953752709,0.004198247840519587,0.27097357691559076,0.4985685525556186,0.7604933151436839
0.03702809727977274,0.44358905353133316,0.24720585453660215,0.3965254012550907,0.9860833114463208
0.653478218434347,0.0661126586231866,0.31203475812333403,0.5668605333081277,0.9184011939896083
0.54538451305036,0.9860666583399056,0.889056416954874,0.6780727815617117,0.2616746261031505
0.1727573182810873,0.3793655982041866,0.9108342269897538,0.6153478406285743,0.41194654861226365
0.8443335491993377,0.7658523040370093,0.3791393157725924,0.4787022008507855,0.1861321543680995
0.35861105228117074,0.8963645620810967,0.38193245586918645,0.6894117084305128,0.598252930517052
0.9351089863388404,0.6254506185589501,0.48368973124921044,0.5801559099607742,0.7483022189052266
0.8838761119858818,0.005212518476924943,0.9336165192303673,0.511515136083225,0.7007318803632652
0.17260911290227454,0.00263215557958818,0.45090365309314817,0.3524327315388416,0.5549098338254089
0.5793756509975795,0.6201826315188109,0.02457539894084193,0.08026459052524759,0.6491893513566518
